,LOCATION,SUBJECT,TIME,Value
0,AUS,BUPPSRY,2000,41.212311
1,AUS,BUPPSRY,2001,41.076141
2,AUS,BUPPSRY,2002,39.050315999999995
3,AUS,BUPPSRY,2003,37.519816999999996
4,AUS,BUPPSRY,2004,35.879036
5,AUS,BUPPSRY,2005,34.967968
6,AUS,BUPPSRY,2006,33.289845
7,AUS,BUPPSRY,2007,31.816732000000002
8,AUS,BUPPSRY,2008,30.064018
9,AUS,BUPPSRY,2009,28.972523
10,AUS,BUPPSRY,2010,26.792744
11,AUS,BUPPSRY,2011,25.922543
12,AUS,BUPPSRY,2012,23.563389
13,AUS,BUPPSRY,2013,24.28443
14,AUS,BUPPSRY,2014,22.895836
15,AUS,BUPPSRY,2015,20.980895999999998
16,AUS,BUPPSRY,2016,20.067352
17,AUS,BUPPSRY,2017,19.012659
18,AUS,BUPPSRY,2018,18.108641
19,AUS,BUPPSRY,2019,17.132658
20,AUS,TRY,2000,27.475746
21,AUS,TRY,2001,28.977321999999997
22,AUS,TRY,2002,30.759784999999997
23,AUS,TRY,2003,31.314152000000004
24,AUS,TRY,2004,30.823079999999997
25,AUS,TRY,2005,31.691153000000003
26,AUS,TRY,2006,33.022213
27,AUS,TRY,2007,33.736709999999995
28,AUS,TRY,2008,36.149986
29,AUS,TRY,2009,36.881355
30,AUS,TRY,2010,37.604309
31,AUS,TRY,2011,38.342071999999995
32,AUS,TRY,2012,41.282364
33,AUS,TRY,2013,39.539928
34,AUS,TRY,2014,41.901855
35,AUS,TRY,2015,42.888756
36,AUS,TRY,2016,43.7439
37,AUS,TRY,2017,45.355675
38,AUS,TRY,2018,45.727478000000005
39,AUS,TRY,2019,47.129978
40,AUS,UPPSRY,2000,31.311945
41,AUS,UPPSRY,2001,29.946537
42,AUS,UPPSRY,2002,30.189898
43,AUS,UPPSRY,2003,31.166031
44,AUS,UPPSRY,2004,33.297886
45,AUS,UPPSRY,2005,33.340881
46,AUS,UPPSRY,2006,33.687943
47,AUS,UPPSRY,2007,34.44656
48,AUS,UPPSRY,2008,33.785992
49,AUS,UPPSRY,2009,34.146122
50,AUS,UPPSRY,2010,35.602947
51,AUS,UPPSRY,2011,35.735386
52,AUS,UPPSRY,2012,35.154247
53,AUS,UPPSRY,2013,36.17564
54,AUS,UPPSRY,2014,35.202309
55,AUS,UPPSRY,2015,36.130348
56,AUS,UPPSRY,2016,36.188747
57,AUS,UPPSRY,2017,35.631668
58,AUS,UPPSRY,2018,36.163879
59,AUS,UPPSRY,2019,35.737365999999994
60,AUT,BUPPSRY,2004,23.66626
61,AUT,BUPPSRY,2005,23.055067
62,AUT,BUPPSRY,2006,19.871609
63,AUT,BUPPSRY,2007,20.062889000000002
64,AUT,BUPPSRY,2008,19.120086999999998
65,AUT,BUPPSRY,2009,18.354979
66,AUT,BUPPSRY,2010,17.647495000000003
67,AUT,BUPPSRY,2011,17.636829000000002
68,AUT,BUPPSRY,2012,17.08353
69,AUT,BUPPSRY,2013,17.028001999999997
70,AUT,BUPPSRY,2014,16.143998999999997
71,AUT,BUPPSRY,2015,15.351304999999998
72,AUT,BUPPSRY,2016,15.471591
73,AUT,BUPPSRY,2017,15.037576999999999
74,AUT,BUPPSRY,2018,14.702526
75,AUT,BUPPSRY,2019,14.435863000000001
76,AUT,TRY,2004,24.783438
77,AUT,TRY,2005,24.639351
78,AUT,TRY,2006,25.356432
79,AUT,TRY,2007,25.092672
80,AUT,TRY,2008,26.191858
81,AUT,TRY,2009,26.895823999999998
82,AUT,TRY,2010,27.743721
83,AUT,TRY,2011,27.956152000000003
84,AUT,TRY,2012,28.739943
85,AUT,TRY,2013,29.738844
86,AUT,TRY,2014,29.904896
87,AUT,TRY,2015,30.550726
88,AUT,TRY,2016,31.383963
89,AUT,TRY,2017,32.39439
90,AUT,TRY,2018,32.711426
91,AUT,TRY,2019,33.773777
92,AUT,UPPSRY,2004,51.550304
93,AUT,UPPSRY,2005,52.305584
94,AUT,UPPSRY,2006,54.771961
95,AUT,UPPSRY,2007,54.844437
96,AUT,UPPSRY,2008,54.68805699999999
97,AUT,UPPSRY,2009,54.74919499999999
98,AUT,UPPSRY,2010,54.608784
99,AUT,UPPSRY,2011,54.407017
100,AUT,UPPSRY,2012,54.176529
101,AUT,UPPSRY,2013,53.233154000000006
102,AUT,UPPSRY,2014,53.951103
103,AUT,UPPSRY,2015,54.09796899999999
104,AUT,UPPSRY,2016,53.14444399999999
105,AUT,UPPSRY,2017,52.568034999999995
106,AUT,UPPSRY,2018,52.586048
107,AUT,UPPSRY,2019,51.790359
108,BEL,BUPPSRY,2000,41.47678
109,BEL,BUPPSRY,2001,40.536442
110,BEL,BUPPSRY,2002,39.196616999999996
111,BEL,BUPPSRY,2003,37.952141
112,BEL,BUPPSRY,2004,35.708240999999994
113,BEL,BUPPSRY,2005,33.903755
114,BEL,BUPPSRY,2006,33.057926
115,BEL,BUPPSRY,2007,32.046577
116,BEL,BUPPSRY,2008,30.423817
117,BEL,BUPPSRY,2009,29.427107
118,BEL,BUPPSRY,2010,29.500488
119,BEL,BUPPSRY,2011,28.733294
120,BEL,BUPPSRY,2012,28.356371000000003
121,BEL,BUPPSRY,2013,27.241647999999998
122,BEL,BUPPSRY,2014,26.44935
123,BEL,BUPPSRY,2015,25.322903
124,BEL,BUPPSRY,2016,24.905834
125,BEL,BUPPSRY,2017,23.202787
126,BEL,BUPPSRY,2018,21.773218
127,BEL,BUPPSRY,2019,21.313864000000002
128,BEL,TRY,2000,27.084993
129,BEL,TRY,2001,27.626753000000004
130,BEL,TRY,2002,28.134819
131,BEL,TRY,2003,29.031809000000003
132,BEL,TRY,2004,30.400859999999998
133,BEL,TRY,2005,31.045088
134,BEL,TRY,2006,31.754845
135,BEL,TRY,2007,32.094864
136,BEL,TRY,2008,32.310043
137,BEL,TRY,2009,33.397053
138,BEL,TRY,2010,34.989502
139,BEL,TRY,2011,34.612984000000004
140,BEL,TRY,2012,35.316551000000004
141,BEL,TRY,2013,35.535332000000004
142,BEL,TRY,2014,36.855022
143,BEL,TRY,2015,36.857422
144,BEL,TRY,2016,37.503956
145,BEL,TRY,2017,40.257053000000006
146,BEL,TRY,2018,40.638546000000005
147,BEL,TRY,2019,40.67009
148,BEL,UPPSRY,2000,31.438227
149,BEL,UPPSRY,2001,31.836805
150,BEL,UPPSRY,2002,32.668564
151,BEL,UPPSRY,2003,33.016048
152,BEL,UPPSRY,2004,33.8909
153,BEL,UPPSRY,2005,35.051159000000006
154,BEL,UPPSRY,2006,35.187228999999995
155,BEL,UPPSRY,2007,35.858559
156,BEL,UPPSRY,2008,37.26614
157,BEL,UPPSRY,2009,37.175841999999996
158,BEL,UPPSRY,2010,35.51001
159,BEL,UPPSRY,2011,36.653725
160,BEL,UPPSRY,2012,36.32708
161,BEL,UPPSRY,2013,37.223022
162,BEL,UPPSRY,2014,36.695625
163,BEL,UPPSRY,2015,37.819675
164,BEL,UPPSRY,2016,37.59021
165,BEL,UPPSRY,2017,36.540157
166,BEL,UPPSRY,2018,37.588238
167,BEL,UPPSRY,2019,38.016045
168,CAN,BUPPSRY,2000,19.332481
169,CAN,BUPPSRY,2001,18.011751
170,CAN,BUPPSRY,2002,17.321903
171,CAN,BUPPSRY,2003,16.267523
172,CAN,BUPPSRY,2004,15.686501000000002
173,CAN,BUPPSRY,2005,14.816504
174,CAN,BUPPSRY,2006,14.457151999999999
175,CAN,BUPPSRY,2007,13.494848000000001
176,CAN,BUPPSRY,2008,13.003522
177,CAN,BUPPSRY,2009,12.468069
178,CAN,BUPPSRY,2010,11.736887
179,CAN,BUPPSRY,2011,11.368477
180,CAN,BUPPSRY,2012,11.035321000000001
181,CAN,BUPPSRY,2013,10.45779
182,CAN,BUPPSRY,2014,10.011459
183,CAN,BUPPSRY,2015,9.5978909
184,CAN,BUPPSRY,2016,9.3911886
185,CAN,BUPPSRY,2017,8.8729382
186,CAN,BUPPSRY,2018,8.3779144
187,CAN,BUPPSRY,2019,8.1420355
188,CAN,TRY,2000,40.105782
189,CAN,TRY,2001,41.881519
190,CAN,TRY,2002,42.873188
191,CAN,TRY,2003,44.123833000000005
192,CAN,TRY,2004,44.548969
193,CAN,TRY,2005,45.976749
194,CAN,TRY,2006,46.881516
195,CAN,TRY,2007,48.181564
196,CAN,TRY,2008,48.706802
197,CAN,TRY,2009,49.290721999999995
198,CAN,TRY,2010,50.311695
199,CAN,TRY,2011,51.033012
200,CAN,TRY,2012,52.305415999999994
201,CAN,TRY,2013,52.971439000000004
202,CAN,TRY,2014,53.614959999999996
203,CAN,TRY,2015,55.17366
204,CAN,TRY,2016,56.26506800000001
205,CAN,TRY,2017,56.71451999999999
206,CAN,TRY,2018,57.888363
207,CAN,TRY,2019,59.374843999999996
208,CAN,UPPSRY,2000,40.561737
209,CAN,UPPSRY,2001,40.106728000000004
210,CAN,UPPSRY,2002,39.804909
211,CAN,UPPSRY,2003,39.608646
212,CAN,UPPSRY,2004,39.76453
213,CAN,UPPSRY,2005,39.206749
214,CAN,UPPSRY,2006,38.661331
215,CAN,UPPSRY,2007,38.323586
216,CAN,UPPSRY,2008,38.289677000000005
217,CAN,UPPSRY,2009,38.241207
218,CAN,UPPSRY,2010,37.95142
219,CAN,UPPSRY,2011,37.598511
220,CAN,UPPSRY,2012,36.659264
221,CAN,UPPSRY,2013,36.57077
222,CAN,UPPSRY,2014,36.373581
223,CAN,UPPSRY,2015,35.228446999999996
224,CAN,UPPSRY,2016,34.343746
225,CAN,UPPSRY,2017,34.412544
226,CAN,UPPSRY,2018,33.733723
227,CAN,UPPSRY,2019,32.48312
228,CZE,BUPPSRY,2000,14.057979999999999
229,CZE,BUPPSRY,2001,13.791635000000001
230,CZE,BUPPSRY,2002,12.072922
231,CZE,BUPPSRY,2003,13.580704999999998
232,CZE,BUPPSRY,2004,10.923604
233,CZE,BUPPSRY,2005,10.074598
234,CZE,BUPPSRY,2006,9.720290199999999
235,CZE,BUPPSRY,2007,9.465225199999999
236,CZE,BUPPSRY,2008,9.096694
237,CZE,BUPPSRY,2009,8.5971041
238,CZE,BUPPSRY,2010,8.0573692
239,CZE,BUPPSRY,2011,7.6677351
240,CZE,BUPPSRY,2012,7.549176200000001
241,CZE,BUPPSRY,2013,7.1797996
242,CZE,BUPPSRY,2014,6.809908900000001
243,CZE,BUPPSRY,2015,6.841207000000001
244,CZE,BUPPSRY,2016,6.5732007
245,CZE,BUPPSRY,2017,6.206314099999999
246,CZE,BUPPSRY,2018,6.139408599999999
247,CZE,BUPPSRY,2019,6.2475748
248,CZE,TRY,2000,10.963161999999999
249,CZE,TRY,2001,11.131625999999999
250,CZE,TRY,2002,11.941410000000001
251,CZE,TRY,2003,12.005664
252,CZE,TRY,2004,12.345678
253,CZE,TRY,2005,13.058269000000001
254,CZE,TRY,2006,13.522043
255,CZE,TRY,2007,13.732669
256,CZE,TRY,2008,14.498895000000001
257,CZE,TRY,2009,15.544437
258,CZE,TRY,2010,16.764982
259,CZE,TRY,2011,18.243177
260,CZE,TRY,2012,19.277992
261,CZE,TRY,2013,20.45986
262,CZE,TRY,2014,21.51013
263,CZE,TRY,2015,22.186741
264,CZE,TRY,2016,22.971544
265,CZE,TRY,2017,23.927534
266,CZE,TRY,2018,24.262076999999998
267,CZE,TRY,2019,24.212393
268,CZE,UPPSRY,2000,74.978859
269,CZE,UPPSRY,2001,75.076736
270,CZE,UPPSRY,2002,75.985672
271,CZE,UPPSRY,2003,74.413628
272,CZE,UPPSRY,2004,76.730721
273,CZE,UPPSRY,2005,76.867134
274,CZE,UPPSRY,2006,76.75766800000001
275,CZE,UPPSRY,2007,76.802109
276,CZE,UPPSRY,2008,76.404411
277,CZE,UPPSRY,2009,75.858459
278,CZE,UPPSRY,2010,75.17765
279,CZE,UPPSRY,2011,74.089088
280,CZE,UPPSRY,2012,73.17282900000001
281,CZE,UPPSRY,2013,72.360344
282,CZE,UPPSRY,2014,71.679962
283,CZE,UPPSRY,2015,70.972054
284,CZE,UPPSRY,2016,70.45525400000001
285,CZE,UPPSRY,2017,69.86615
286,CZE,UPPSRY,2018,69.598511
287,CZE,UPPSRY,2019,69.540031
288,DNK,BUPPSRY,2000,20.218884
289,DNK,BUPPSRY,2001,19.333779999999997
290,DNK,BUPPSRY,2002,18.908282999999997
291,DNK,BUPPSRY,2003,19.446814
292,DNK,BUPPSRY,2004,18.778183
293,DNK,BUPPSRY,2005,18.983217
294,DNK,BUPPSRY,2006,18.359888
295,DNK,BUPPSRY,2007,25.721992
296,DNK,BUPPSRY,2008,24.899332
297,DNK,BUPPSRY,2009,24.137625
298,DNK,BUPPSRY,2010,23.289925
299,DNK,BUPPSRY,2011,22.021439
300,DNK,BUPPSRY,2012,21.165937
301,DNK,BUPPSRY,2013,20.812916
302,DNK,BUPPSRY,2014,20.446317999999998
303,DNK,BUPPSRY,2015,19.628629999999998
304,DNK,BUPPSRY,2016,19.726067
305,DNK,BUPPSRY,2017,19.052462
306,DNK,BUPPSRY,2018,18.940752
307,DNK,BUPPSRY,2019,18.410515
308,DNK,TRY,2000,25.777601
309,DNK,TRY,2001,28.411859999999997
310,DNK,TRY,2002,29.610840000000003
311,DNK,TRY,2003,31.847263
312,DNK,TRY,2004,32.848095
313,DNK,TRY,2005,33.544121000000004
314,DNK,TRY,2006,34.719662
315,DNK,TRY,2007,30.903458
316,DNK,TRY,2008,31.126369
317,DNK,TRY,2009,32.001427
318,DNK,TRY,2010,33.002644000000004
319,DNK,TRY,2011,33.662952000000004
320,DNK,TRY,2012,34.639697999999996
321,DNK,TRY,2013,35.204632000000004
322,DNK,TRY,2014,35.800922
323,DNK,TRY,2015,37.095581
324,DNK,TRY,2016,37.766045
325,DNK,TRY,2017,38.889214
326,DNK,TRY,2018,39.44791
327,DNK,TRY,2019,40.353836
328,DNK,UPPSRY,2000,54.003513
329,DNK,UPPSRY,2001,52.25436
330,DNK,UPPSRY,2002,51.480877
331,DNK,UPPSRY,2003,48.705925
332,DNK,UPPSRY,2004,48.373721999999994
333,DNK,UPPSRY,2005,47.472664
334,DNK,UPPSRY,2006,46.920448
335,DNK,UPPSRY,2007,43.37455
336,DNK,UPPSRY,2008,43.974297
337,DNK,UPPSRY,2009,43.86095
338,DNK,UPPSRY,2010,43.707432
339,DNK,UPPSRY,2011,44.315609
340,DNK,UPPSRY,2012,44.194365999999995
341,DNK,UPPSRY,2013,43.982452
342,DNK,UPPSRY,2014,43.752758
343,DNK,UPPSRY,2015,43.275791
344,DNK,UPPSRY,2016,42.507889
345,DNK,UPPSRY,2017,42.058323
346,DNK,UPPSRY,2018,41.611340000000006
347,DNK,UPPSRY,2019,41.235649
348,FIN,BUPPSRY,2000,26.837576000000002
349,FIN,BUPPSRY,2003,23.959745
350,FIN,BUPPSRY,2004,22.375042
351,FIN,BUPPSRY,2005,21.212481
352,FIN,BUPPSRY,2006,20.363401
353,FIN,BUPPSRY,2007,19.490316
354,FIN,BUPPSRY,2008,18.926767
355,FIN,BUPPSRY,2009,18.026873000000002
356,FIN,BUPPSRY,2010,17.01717
357,FIN,BUPPSRY,2011,16.27569
358,FIN,BUPPSRY,2012,15.202716
359,FIN,BUPPSRY,2013,14.109433
360,FIN,BUPPSRY,2014,13.493114000000002
361,FIN,BUPPSRY,2015,12.847135
362,FIN,BUPPSRY,2016,12.091855
363,FIN,BUPPSRY,2017,11.896179
364,FIN,BUPPSRY,2018,10.926194
365,FIN,BUPPSRY,2019,9.7360916
366,FIN,TRY,2000,32.614371999999996
367,FIN,TRY,2003,33.177582
368,FIN,TRY,2004,34.184566
369,FIN,TRY,2005,34.629433
370,FIN,TRY,2006,35.141739
371,FIN,TRY,2007,36.357056
372,FIN,TRY,2008,36.583557
373,FIN,TRY,2009,37.268574
374,FIN,TRY,2010,38.146343
375,FIN,TRY,2011,39.318207
376,FIN,TRY,2012,39.661289000000004
377,FIN,TRY,2013,40.545231
378,FIN,TRY,2014,41.776676
379,FIN,TRY,2015,42.742619
380,FIN,TRY,2016,43.595264
381,FIN,TRY,2017,44.304253
382,FIN,TRY,2018,45.188133
383,FIN,TRY,2019,45.93438
384,FIN,UPPSRY,2000,40.54805
385,FIN,UPPSRY,2003,42.862675
386,FIN,UPPSRY,2004,43.440391999999996
387,FIN,UPPSRY,2005,44.158085
388,FIN,UPPSRY,2006,44.494862
389,FIN,UPPSRY,2007,44.152626
390,FIN,UPPSRY,2008,44.489677
391,FIN,UPPSRY,2009,44.704552
392,FIN,UPPSRY,2010,44.836487
393,FIN,UPPSRY,2011,44.406101
394,FIN,UPPSRY,2012,45.135994000000004
395,FIN,UPPSRY,2013,45.345337
396,FIN,UPPSRY,2014,44.730209
397,FIN,UPPSRY,2015,44.410244
398,FIN,UPPSRY,2016,44.312881
399,FIN,UPPSRY,2017,43.799568
400,FIN,UPPSRY,2018,43.885674
401,FIN,UPPSRY,2019,44.329529
402,FRA,BUPPSRY,2000,37.759026
403,FRA,BUPPSRY,2001,36.132778
404,FRA,BUPPSRY,2002,35.226971
405,FRA,BUPPSRY,2003,34.777859
406,FRA,BUPPSRY,2004,34.187824
407,FRA,BUPPSRY,2005,33.189934
408,FRA,BUPPSRY,2006,32.571040999999994
409,FRA,BUPPSRY,2007,31.532801
410,FRA,BUPPSRY,2008,30.401829
411,FRA,BUPPSRY,2009,29.745791999999998
412,FRA,BUPPSRY,2010,29.233321999999998
413,FRA,BUPPSRY,2011,28.385553
414,FRA,BUPPSRY,2012,27.465465999999996
415,FRA,BUPPSRY,2013,25.153783999999998
416,FRA,BUPPSRY,2014,22.681496
417,FRA,BUPPSRY,2015,22.467602
418,FRA,BUPPSRY,2016,21.89171
419,FRA,BUPPSRY,2017,21.615114000000002
420,FRA,BUPPSRY,2018,20.640024
421,FRA,BUPPSRY,2019,19.56168
422,FRA,TRY,2000,21.58481
423,FRA,TRY,2001,23.020861
424,FRA,TRY,2002,23.98011
425,FRA,TRY,2003,23.917386999999998
426,FRA,TRY,2004,24.383651999999998
427,FRA,TRY,2005,25.425774
428,FRA,TRY,2006,26.183411
429,FRA,TRY,2007,26.646099
430,FRA,TRY,2008,27.233906
431,FRA,TRY,2009,28.588057
432,FRA,TRY,2010,29.006897
433,FRA,TRY,2011,29.767
434,FRA,TRY,2012,30.856122999999997
435,FRA,TRY,2013,32.105263
436,FRA,TRY,2014,33.539047
437,FRA,TRY,2015,34.085361
438,FRA,TRY,2016,34.582485
439,FRA,TRY,2017,35.213791
440,FRA,TRY,2018,36.897490999999995
441,FRA,TRY,2019,37.904724
442,FRA,UPPSRY,2000,40.656166
443,FRA,UPPSRY,2001,40.846359
444,FRA,UPPSRY,2002,40.792922999999995
445,FRA,UPPSRY,2003,41.304752
446,FRA,UPPSRY,2004,41.428523999999996
447,FRA,UPPSRY,2005,41.384293
448,FRA,UPPSRY,2006,41.245548
449,FRA,UPPSRY,2007,41.821098
450,FRA,UPPSRY,2008,42.364265
451,FRA,UPPSRY,2009,41.666153
452,FRA,UPPSRY,2010,41.759781
453,FRA,UPPSRY,2011,41.847446000000005
454,FRA,UPPSRY,2012,41.67841
455,FRA,UPPSRY,2013,42.740952
456,FRA,UPPSRY,2014,43.779457
457,FRA,UPPSRY,2015,43.447037
458,FRA,UPPSRY,2016,43.525806
459,FRA,UPPSRY,2017,43.171093
460,FRA,UPPSRY,2018,42.462482
461,FRA,UPPSRY,2019,42.533596
462,DEU,BUPPSRY,2000,18.273834
463,DEU,BUPPSRY,2001,17.3916
464,DEU,BUPPSRY,2002,17.012363
465,DEU,BUPPSRY,2003,16.622698
466,DEU,BUPPSRY,2004,16.099459
467,DEU,BUPPSRY,2005,16.892854999999997
468,DEU,BUPPSRY,2006,16.763082999999998
469,DEU,BUPPSRY,2007,15.584910999999998
470,DEU,BUPPSRY,2008,14.668834
471,DEU,BUPPSRY,2009,14.520242999999999
472,DEU,BUPPSRY,2010,14.189682999999999
473,DEU,BUPPSRY,2011,13.749629999999998
474,DEU,BUPPSRY,2012,13.699094
475,DEU,BUPPSRY,2013,13.679198999999999
476,DEU,BUPPSRY,2014,13.096583
477,DEU,BUPPSRY,2015,13.208749
478,DEU,BUPPSRY,2016,13.523512
479,DEU,BUPPSRY,2017,13.478389000000002
480,DEU,BUPPSRY,2018,13.324821
481,DEU,BUPPSRY,2019,13.277470000000001
482,DEU,TRY,2000,23.498836999999998
483,DEU,TRY,2001,23.222008
484,DEU,TRY,2002,23.427382
485,DEU,TRY,2003,23.982014000000003
486,DEU,TRY,2004,24.931704
487,DEU,TRY,2005,24.552816
488,DEU,TRY,2006,23.947578
489,DEU,TRY,2007,24.299988
490,DEU,TRY,2008,25.400060999999997
491,DEU,TRY,2009,26.385326
492,DEU,TRY,2010,26.609147999999998
493,DEU,TRY,2011,27.562323
494,DEU,TRY,2012,28.121571999999997
495,DEU,TRY,2013,28.47327
496,DEU,TRY,2014,27.057884
497,DEU,TRY,2015,27.638234999999998
498,DEU,TRY,2016,28.291722999999998
499,DEU,TRY,2017,28.583370000000002
500,DEU,TRY,2018,29.065134000000004
501,DEU,TRY,2019,29.900126
502,DEU,UPPSRY,2000,58.227329000000005
503,DEU,UPPSRY,2001,59.386391
504,DEU,UPPSRY,2002,59.56025699999999
505,DEU,UPPSRY,2003,59.395286999999996
506,DEU,UPPSRY,2004,58.968838
507,DEU,UPPSRY,2005,58.554329
508,DEU,UPPSRY,2006,59.289336999999996
509,DEU,UPPSRY,2007,60.115101
510,DEU,UPPSRY,2008,59.931107
511,DEU,UPPSRY,2009,59.094432999999995
512,DEU,UPPSRY,2010,59.201168
513,DEU,UPPSRY,2011,58.688049
514,DEU,UPPSRY,2012,58.179337
515,DEU,UPPSRY,2013,57.847530000000006
516,DEU,UPPSRY,2014,59.84553100000001
517,DEU,UPPSRY,2015,59.153015
518,DEU,UPPSRY,2016,58.184765000000006
519,DEU,UPPSRY,2017,57.93824
520,DEU,UPPSRY,2018,57.610046
521,DEU,UPPSRY,2019,56.822407
522,GRC,BUPPSRY,2000,50.712348999999996
523,GRC,BUPPSRY,2001,49.770618
524,GRC,BUPPSRY,2002,48.158752
525,GRC,BUPPSRY,2003,46.452507000000004
526,GRC,BUPPSRY,2004,43.350311
527,GRC,BUPPSRY,2005,42.286209
528,GRC,BUPPSRY,2006,40.753040000000006
529,GRC,BUPPSRY,2007,39.922272
530,GRC,BUPPSRY,2008,38.692974
531,GRC,BUPPSRY,2009,38.5051
532,GRC,BUPPSRY,2010,37.263659999999994
533,GRC,BUPPSRY,2011,35.445217
534,GRC,BUPPSRY,2012,34.217484000000006
535,GRC,BUPPSRY,2013,32.80518
536,GRC,BUPPSRY,2014,31.733679
537,GRC,BUPPSRY,2015,29.780088
538,GRC,BUPPSRY,2016,28.349746999999997
539,GRC,BUPPSRY,2017,27.290607
540,GRC,BUPPSRY,2018,26.630527
541,GRC,BUPPSRY,2019,26.043503
542,GRC,TRY,2000,17.672335
543,GRC,TRY,2001,18.067701
544,GRC,TRY,2002,18.793383
545,GRC,TRY,2003,19.299871
546,GRC,TRY,2004,21.286716000000002
547,GRC,TRY,2005,21.472097
548,GRC,TRY,2006,22.428827
549,GRC,TRY,2007,22.893152
550,GRC,TRY,2008,23.535585
551,GRC,TRY,2009,23.656685
552,GRC,TRY,2010,24.744848
553,GRC,TRY,2011,26.112072
554,GRC,TRY,2012,26.719267
555,GRC,TRY,2013,27.423178000000004
556,GRC,TRY,2014,28.105659000000003
557,GRC,TRY,2015,29.057495
558,GRC,TRY,2016,30.231607
559,GRC,TRY,2017,31.027514
560,GRC,TRY,2018,31.739904
561,GRC,TRY,2019,31.890486
562,GRC,UPPSRY,2000,31.615318
563,GRC,UPPSRY,2001,32.161682
564,GRC,UPPSRY,2002,33.047863
565,GRC,UPPSRY,2003,34.24762
566,GRC,UPPSRY,2004,35.362972
567,GRC,UPPSRY,2005,36.241695
568,GRC,UPPSRY,2006,36.81813
569,GRC,UPPSRY,2007,37.184578
570,GRC,UPPSRY,2008,37.771439
571,GRC,UPPSRY,2009,37.838215000000005
572,GRC,UPPSRY,2010,37.991489
573,GRC,UPPSRY,2011,38.442710999999996
574,GRC,UPPSRY,2012,39.063248
575,GRC,UPPSRY,2013,39.771640999999995
576,GRC,UPPSRY,2014,40.160664000000004
577,GRC,UPPSRY,2015,41.162418
578,GRC,UPPSRY,2016,41.418648
579,GRC,UPPSRY,2017,41.681881
580,GRC,UPPSRY,2018,41.629566
581,GRC,UPPSRY,2019,42.06601
582,HUN,BUPPSRY,2000,30.781889000000003
583,HUN,BUPPSRY,2001,29.985840000000003
584,HUN,BUPPSRY,2002,28.577425
585,HUN,BUPPSRY,2003,25.927795
586,HUN,BUPPSRY,2004,24.64992
587,HUN,BUPPSRY,2005,23.609816
588,HUN,BUPPSRY,2006,21.9265
589,HUN,BUPPSRY,2007,20.79417
590,HUN,BUPPSRY,2008,20.296638
591,HUN,BUPPSRY,2009,19.425785
592,HUN,BUPPSRY,2010,18.707645
593,HUN,BUPPSRY,2011,18.232164
594,HUN,BUPPSRY,2012,17.879883
595,HUN,BUPPSRY,2013,17.505869
596,HUN,BUPPSRY,2014,16.905603
597,HUN,BUPPSRY,2015,16.783051
598,HUN,BUPPSRY,2016,16.637701
599,HUN,BUPPSRY,2017,15.97375
600,HUN,BUPPSRY,2018,15.138174
601,HUN,BUPPSRY,2019,15.026365
602,HUN,TRY,2000,14.041859
603,HUN,TRY,2001,13.984717000000002
604,HUN,TRY,2002,14.211661999999999
605,HUN,TRY,2003,15.416001000000001
606,HUN,TRY,2004,16.748745
607,HUN,TRY,2005,17.083904
608,HUN,TRY,2006,17.699047
609,HUN,TRY,2007,18.048761
610,HUN,TRY,2008,19.197906
611,HUN,TRY,2009,19.86219
612,HUN,TRY,2010,20.121918
613,HUN,TRY,2011,21.124001
614,HUN,TRY,2012,22.046715
615,HUN,TRY,2013,22.505820999999997
616,HUN,TRY,2014,23.356073000000002
617,HUN,TRY,2015,24.242552
618,HUN,TRY,2016,23.713329
619,HUN,TRY,2017,24.054041
620,HUN,TRY,2018,25.101177
621,HUN,TRY,2019,25.981535
622,HUN,UPPSRY,2000,55.17625
623,HUN,UPPSRY,2001,56.029442
624,HUN,UPPSRY,2002,57.210910999999996
625,HUN,UPPSRY,2003,58.6562
626,HUN,UPPSRY,2004,58.601333999999994
627,HUN,UPPSRY,2005,59.306281999999996
628,HUN,UPPSRY,2006,60.37445400000001
629,HUN,UPPSRY,2007,61.157066
630,HUN,UPPSRY,2008,60.505455000000005
631,HUN,UPPSRY,2009,60.712025
632,HUN,UPPSRY,2010,61.170437
633,HUN,UPPSRY,2011,60.643832999999994
634,HUN,UPPSRY,2012,60.073402
635,HUN,UPPSRY,2013,59.988312
636,HUN,UPPSRY,2014,59.738323
637,HUN,UPPSRY,2015,58.9744
638,HUN,UPPSRY,2016,59.648968
639,HUN,UPPSRY,2017,59.97220600000001
640,HUN,UPPSRY,2018,59.760651
641,HUN,UPPSRY,2019,58.9921
642,ISL,BUPPSRY,2003,34.262501
643,ISL,BUPPSRY,2004,33.643612
644,ISL,BUPPSRY,2005,31.825998
645,ISL,BUPPSRY,2006,31.319490000000002
646,ISL,BUPPSRY,2007,30.819305
647,ISL,BUPPSRY,2008,30.940493
648,ISL,BUPPSRY,2009,30.005921999999998
649,ISL,BUPPSRY,2010,29.282290999999997
650,ISL,BUPPSRY,2011,29.195244
651,ISL,BUPPSRY,2012,29.207808
652,ISL,BUPPSRY,2013,27.830322
653,ISL,BUPPSRY,2014,26.743409999999997
654,ISL,BUPPSRY,2015,25.303907000000002
655,ISL,BUPPSRY,2016,22.001960999999998
656,ISL,BUPPSRY,2017,22.86241
657,ISL,BUPPSRY,2018,22.127008
658,ISL,BUPPSRY,2019,21.476316
659,ISL,TRY,2003,27.861867999999998
660,ISL,TRY,2004,27.943559999999998
661,ISL,TRY,2005,29.471401
662,ISL,TRY,2006,30.411818
663,ISL,TRY,2007,30.804794
664,ISL,TRY,2008,31.591888
665,ISL,TRY,2009,32.907246
666,ISL,TRY,2010,32.632442
667,ISL,TRY,2011,33.774651
668,ISL,TRY,2012,35.01783
669,ISL,TRY,2013,36.08242
670,ISL,TRY,2014,37.088051
671,ISL,TRY,2015,38.841152
672,ISL,TRY,2016,40.475002
673,ISL,TRY,2017,42.38409
674,ISL,TRY,2018,43.749649
675,ISL,TRY,2019,45.038918
676,ISL,UPPSRY,2003,37.875628999999996
677,ISL,UPPSRY,2004,38.412827
678,ISL,UPPSRY,2005,38.702599
679,ISL,UPPSRY,2006,38.268692
680,ISL,UPPSRY,2007,38.3759
681,ISL,UPPSRY,2008,37.467621
682,ISL,UPPSRY,2009,37.08683
683,ISL,UPPSRY,2010,38.085266
684,ISL,UPPSRY,2011,37.030105999999996
685,ISL,UPPSRY,2012,35.774364
686,ISL,UPPSRY,2013,36.087257
687,ISL,UPPSRY,2014,36.168541
688,ISL,UPPSRY,2015,35.854942
689,ISL,UPPSRY,2016,37.523037
690,ISL,UPPSRY,2017,34.753498
691,ISL,UPPSRY,2018,34.123340999999996
692,ISL,UPPSRY,2019,33.484768
693,IRL,BUPPSRY,2000,42.706924
694,IRL,BUPPSRY,2001,44.735104
695,IRL,BUPPSRY,2002,40.004444
696,IRL,BUPPSRY,2003,38.298161
697,IRL,BUPPSRY,2004,37.160995
698,IRL,BUPPSRY,2005,35.466724
699,IRL,BUPPSRY,2006,33.656101
700,IRL,BUPPSRY,2007,32.273792
701,IRL,BUPPSRY,2008,30.546635
702,IRL,BUPPSRY,2009,28.832077
703,IRL,BUPPSRY,2010,27.225184999999996
704,IRL,BUPPSRY,2011,26.365326
705,IRL,BUPPSRY,2012,25.367115
706,IRL,BUPPSRY,2013,23.273964000000003
707,IRL,BUPPSRY,2014,21.187292000000003
708,IRL,BUPPSRY,2015,20.182577
709,IRL,BUPPSRY,2017,17.994549
710,IRL,BUPPSRY,2018,16.825432
711,IRL,BUPPSRY,2019,16.342726000000003
712,IRL,TRY,2000,21.613003
713,IRL,TRY,2001,23.577002
714,IRL,TRY,2002,24.814322
715,IRL,TRY,2003,26.308289000000002
716,IRL,TRY,2004,27.820133000000002
717,IRL,TRY,2005,29.074234000000004
718,IRL,TRY,2006,31.095584999999996
719,IRL,TRY,2007,32.39011
720,IRL,TRY,2008,33.902611
721,IRL,TRY,2009,35.822323
722,IRL,TRY,2010,37.584061
723,IRL,TRY,2011,38.162312
724,IRL,TRY,2012,39.69788
725,IRL,TRY,2013,41.47068
726,IRL,TRY,2014,40.967048999999996
727,IRL,TRY,2015,42.806118
728,IRL,TRY,2017,45.658970000000004
729,IRL,TRY,2018,46.935134999999995
730,IRL,TRY,2019,47.306587
731,IRL,UPPSRY,2000,35.680077000000004
732,IRL,UPPSRY,2001,31.687896999999996
733,IRL,UPPSRY,2002,35.181232
734,IRL,UPPSRY,2003,35.393551
735,IRL,UPPSRY,2004,35.018871000000004
736,IRL,UPPSRY,2005,35.459042
737,IRL,UPPSRY,2006,35.248314
738,IRL,UPPSRY,2007,35.336098
739,IRL,UPPSRY,2008,35.550751
740,IRL,UPPSRY,2009,35.3456
741,IRL,UPPSRY,2010,35.190754
742,IRL,UPPSRY,2011,35.472363
743,IRL,UPPSRY,2012,34.935005
744,IRL,UPPSRY,2013,35.255356
745,IRL,UPPSRY,2014,37.845661
746,IRL,UPPSRY,2015,37.011307
747,IRL,UPPSRY,2017,36.346481
748,IRL,UPPSRY,2018,36.239433
749,IRL,UPPSRY,2019,36.350685
750,ITA,BUPPSRY,2000,57.886444
751,ITA,BUPPSRY,2001,56.725201
752,ITA,BUPPSRY,2002,55.637676
753,ITA,BUPPSRY,2003,51.586433
754,ITA,BUPPSRY,2004,51.4006
755,ITA,BUPPSRY,2005,49.913864000000004
756,ITA,BUPPSRY,2006,48.710896000000005
757,ITA,BUPPSRY,2007,47.700294
758,ITA,BUPPSRY,2008,46.687767
759,ITA,BUPPSRY,2009,45.698818
760,ITA,BUPPSRY,2010,44.825645
761,ITA,BUPPSRY,2011,43.971539
762,ITA,BUPPSRY,2012,42.763065000000005
763,ITA,BUPPSRY,2013,41.84333
764,ITA,BUPPSRY,2014,40.693222
765,ITA,BUPPSRY,2015,40.108776
766,ITA,BUPPSRY,2016,39.856853
767,ITA,BUPPSRY,2017,39.084484
768,ITA,BUPPSRY,2018,38.252495
769,ITA,BUPPSRY,2019,37.837608
770,ITA,TRY,2000,9.3770475
771,ITA,TRY,2001,10.048910000000001
772,ITA,TRY,2002,10.367989
773,ITA,TRY,2003,10.460108
774,ITA,TRY,2004,11.593160000000001
775,ITA,TRY,2005,12.224514
776,ITA,TRY,2006,12.872448
777,ITA,TRY,2007,13.578119000000001
778,ITA,TRY,2008,14.357010999999998
779,ITA,TRY,2009,14.510798000000001
780,ITA,TRY,2010,14.802574
781,ITA,TRY,2011,14.935372000000001
782,ITA,TRY,2012,15.708264000000002
783,ITA,TRY,2013,16.289694
784,ITA,TRY,2014,16.910578
785,ITA,TRY,2015,17.546457
786,ITA,TRY,2016,17.723593
787,ITA,TRY,2017,18.669672
788,ITA,TRY,2018,19.323732
789,ITA,TRY,2019,19.632417999999998
790,ITA,UPPSRY,2000,32.736511
791,ITA,UPPSRY,2001,33.225887
792,ITA,UPPSRY,2002,33.994335
793,ITA,UPPSRY,2003,37.953461
794,ITA,UPPSRY,2004,37.006237
795,ITA,UPPSRY,2005,37.861622
796,ITA,UPPSRY,2006,38.416656
797,ITA,UPPSRY,2007,38.721588
798,ITA,UPPSRY,2008,38.955219
799,ITA,UPPSRY,2009,39.790382
800,ITA,UPPSRY,2010,40.37178
801,ITA,UPPSRY,2011,41.093086
802,ITA,UPPSRY,2012,41.528671
803,ITA,UPPSRY,2013,41.866974
804,ITA,UPPSRY,2014,42.396198
805,ITA,UPPSRY,2015,42.344765
806,ITA,UPPSRY,2016,42.419556
807,ITA,UPPSRY,2017,42.245841999999996
808,ITA,UPPSRY,2018,42.423771
809,ITA,UPPSRY,2019,42.529976
810,JPN,TRY,2000,33.615494
811,JPN,TRY,2001,34.13689
812,JPN,TRY,2002,36.575480999999996
813,JPN,TRY,2003,37.422066
814,JPN,TRY,2004,38.693394
815,JPN,TRY,2005,39.939026
816,JPN,TRY,2006,40.464294
817,JPN,TRY,2007,41.024883
818,JPN,TRY,2008,42.842262
819,JPN,TRY,2009,43.764038
820,JPN,TRY,2010,44.809975
821,JPN,TRY,2011,46.364063
822,JPN,TRY,2012,46.619377
823,JPN,TRY,2013,47.311993
824,JPN,TRY,2014,48.185074
825,JPN,TRY,2015,49.541573
826,JPN,TRY,2016,50.496956
827,JPN,TRY,2017,51.440529
828,JPN,TRY,2018,51.928062
829,JPN,TRY,2019,52.67799
830,KOR,BUPPSRY,2000,31.754948
831,KOR,BUPPSRY,2001,30.488056
832,KOR,BUPPSRY,2002,29.26877
833,KOR,BUPPSRY,2003,26.809115999999996
834,KOR,BUPPSRY,2004,25.614570999999998
835,KOR,BUPPSRY,2005,24.359201000000002
836,KOR,BUPPSRY,2006,23.094648
837,KOR,BUPPSRY,2007,21.798021
838,KOR,BUPPSRY,2008,20.631649
839,KOR,BUPPSRY,2009,19.37129
840,KOR,BUPPSRY,2010,19.059269
841,KOR,BUPPSRY,2011,18.535269
842,KOR,BUPPSRY,2012,17.488157
843,KOR,BUPPSRY,2013,16.277796
844,KOR,BUPPSRY,2014,15.002967000000002
845,KOR,BUPPSRY,2015,14.229398000000002
846,KOR,BUPPSRY,2016,13.227958
847,KOR,BUPPSRY,2017,12.388158
848,KOR,BUPPSRY,2018,11.811645
849,KOR,BUPPSRY,2019,11.27041
850,KOR,TRY,2000,23.849094
851,KOR,TRY,2001,24.819485
852,KOR,TRY,2002,25.88715
853,KOR,TRY,2003,29.395346000000004
854,KOR,TRY,2004,30.406145000000002
855,KOR,TRY,2005,31.619953000000002
856,KOR,TRY,2006,33.070503
857,KOR,TRY,2007,34.814021999999994
858,KOR,TRY,2008,36.669804
859,KOR,TRY,2009,38.470245
860,KOR,TRY,2010,39.044632
861,KOR,TRY,2011,40.381783
862,KOR,TRY,2012,41.746613
863,KOR,TRY,2013,43.075195
864,KOR,TRY,2014,44.49865
865,KOR,TRY,2015,45.356678
866,KOR,TRY,2016,46.643951
867,KOR,TRY,2017,47.744724
868,KOR,TRY,2018,49.008511
869,KOR,TRY,2019,50.031040000000004
870,KOR,UPPSRY,2000,44.395958
871,KOR,UPPSRY,2001,44.692459
872,KOR,UPPSRY,2002,44.844082
873,KOR,UPPSRY,2003,43.795536
874,KOR,UPPSRY,2004,43.979282
875,KOR,UPPSRY,2005,44.020844
876,KOR,UPPSRY,2006,43.83485
877,KOR,UPPSRY,2007,43.387959
878,KOR,UPPSRY,2008,42.698547
879,KOR,UPPSRY,2009,42.158466
880,KOR,UPPSRY,2010,41.896099
881,KOR,UPPSRY,2011,41.082951
882,KOR,UPPSRY,2012,40.765228
883,KOR,UPPSRY,2013,40.647007
884,KOR,UPPSRY,2014,40.498385999999996
885,KOR,UPPSRY,2015,40.413925
886,KOR,UPPSRY,2016,40.12809
887,KOR,UPPSRY,2017,39.867115000000005
888,KOR,UPPSRY,2018,39.179844
889,KOR,UPPSRY,2019,38.698547
890,LUX,BUPPSRY,2000,39.080746000000005
891,LUX,BUPPSRY,2005,34.146366
892,LUX,BUPPSRY,2006,34.479065000000006
893,LUX,BUPPSRY,2007,34.264404
894,LUX,BUPPSRY,2008,32.058296
895,LUX,BUPPSRY,2009,22.655592000000002
896,LUX,BUPPSRY,2010,22.322315
897,LUX,BUPPSRY,2011,22.742352
898,LUX,BUPPSRY,2012,21.69751
899,LUX,BUPPSRY,2013,19.512997
900,LUX,BUPPSRY,2014,18.023409
901,LUX,BUPPSRY,2015,25.391632
902,LUX,BUPPSRY,2016,21.180861
903,LUX,BUPPSRY,2017,23.302259
904,LUX,BUPPSRY,2018,22.764822
905,LUX,BUPPSRY,2019,24.854612
906,LUX,TRY,2000,18.284153
907,LUX,TRY,2005,26.549366
908,LUX,TRY,2006,23.993208
909,LUX,TRY,2007,26.512686
910,LUX,TRY,2008,27.653927000000003
911,LUX,TRY,2009,34.795971
912,LUX,TRY,2010,35.475895
913,LUX,TRY,2011,37.034779
914,LUX,TRY,2012,39.110382
915,LUX,TRY,2013,40.673241
916,LUX,TRY,2014,45.935593
917,LUX,TRY,2015,39.794865
918,LUX,TRY,2016,42.856003
919,LUX,TRY,2017,40.325737
920,LUX,TRY,2018,43.886856
921,LUX,TRY,2019,51.642971
922,LUX,UPPSRY,2000,42.635101
923,LUX,UPPSRY,2005,39.304268
924,LUX,UPPSRY,2006,41.527729
925,LUX,UPPSRY,2007,39.222908000000004
926,LUX,UPPSRY,2008,40.287777
927,LUX,UPPSRY,2009,42.548435
928,LUX,UPPSRY,2010,42.20179
929,LUX,UPPSRY,2011,40.22287
930,LUX,UPPSRY,2012,39.192108000000005
931,LUX,UPPSRY,2013,39.813763
932,LUX,UPPSRY,2014,36.041
933,LUX,UPPSRY,2015,34.813503000000004
934,LUX,UPPSRY,2016,35.963139
935,LUX,UPPSRY,2017,36.372005
936,LUX,UPPSRY,2018,33.34832
937,LUX,UPPSRY,2019,23.502417
938,MEX,BUPPSRY,2000,70.91008000000001
939,MEX,BUPPSRY,2001,70.337532
940,MEX,BUPPSRY,2002,70.016335
941,MEX,BUPPSRY,2003,70.124634
942,MEX,BUPPSRY,2004,68.566475
943,MEX,BUPPSRY,2005,71.844093
944,MEX,BUPPSRY,2006,70.973122
945,MEX,BUPPSRY,2007,70.421989
946,MEX,BUPPSRY,2008,70.091904
947,MEX,BUPPSRY,2009,68.709137
948,MEX,BUPPSRY,2010,67.913872
949,MEX,BUPPSRY,2011,66.860298
950,MEX,BUPPSRY,2012,66.01434300000001
951,MEX,BUPPSRY,2013,65.20922900000001
952,MEX,BUPPSRY,2014,64.907104
953,MEX,BUPPSRY,2015,64.336807
954,MEX,BUPPSRY,2016,63.365210999999995
955,MEX,BUPPSRY,2017,62.338387
956,MEX,BUPPSRY,2018,60.853703
957,MEX,BUPPSRY,2019,60.211422
958,MEX,TRY,2000,14.635047
959,MEX,TRY,2001,15.109115
960,MEX,TRY,2002,15.364734
961,MEX,TRY,2003,15.5543
962,MEX,TRY,2004,16.568291000000002
963,MEX,TRY,2005,12.723972
964,MEX,TRY,2006,13.262129999999999
965,MEX,TRY,2007,13.551810000000001
966,MEX,TRY,2008,13.672557000000001
967,MEX,TRY,2009,14.308426999999998
968,MEX,TRY,2010,14.654601000000001
969,MEX,TRY,2011,15.012248999999999
970,MEX,TRY,2012,15.709545
971,MEX,TRY,2013,16.201829999999998
972,MEX,TRY,2014,15.996382999999998
973,MEX,TRY,2015,16.278801
974,MEX,TRY,2016,16.818604999999998
975,MEX,TRY,2017,17.418995000000002
976,MEX,TRY,2018,17.979799
977,MEX,TRY,2019,18.259947
978,MEX,UPPSRY,2000,14.454870999999999
979,MEX,UPPSRY,2001,14.553351999999999
980,MEX,UPPSRY,2002,14.618934
981,MEX,UPPSRY,2003,14.321067000000001
982,MEX,UPPSRY,2004,14.865236999999999
983,MEX,UPPSRY,2005,15.431935000000001
984,MEX,UPPSRY,2006,15.764752
985,MEX,UPPSRY,2007,16.026201
986,MEX,UPPSRY,2008,16.235542000000002
987,MEX,UPPSRY,2009,16.982433
988,MEX,UPPSRY,2010,17.431528
989,MEX,UPPSRY,2011,18.127449
990,MEX,UPPSRY,2012,18.276107999999997
991,MEX,UPPSRY,2013,18.58894
992,MEX,UPPSRY,2014,19.096510000000002
993,MEX,UPPSRY,2015,19.38439
994,MEX,UPPSRY,2016,19.816181
995,MEX,UPPSRY,2017,20.242617000000003
996,MEX,UPPSRY,2018,21.166498
997,MEX,UPPSRY,2019,21.528631
998,NLD,BUPPSRY,2000,35.143627
999,NLD,BUPPSRY,2001,34.89233
1000,NLD,BUPPSRY,2002,32.165543
1001,NLD,BUPPSRY,2003,30.776004999999998
1002,NLD,BUPPSRY,2004,29.093763
1003,NLD,BUPPSRY,2005,28.181054999999997
1004,NLD,BUPPSRY,2006,27.634520000000002
1005,NLD,BUPPSRY,2007,26.816864000000002
1006,NLD,BUPPSRY,2008,26.708052000000002
1007,NLD,BUPPSRY,2009,26.604006
1008,NLD,BUPPSRY,2010,27.026422999999998
1009,NLD,BUPPSRY,2011,27.715985999999997
1010,NLD,BUPPSRY,2012,26.576496000000002
1011,NLD,BUPPSRY,2013,24.204819
1012,NLD,BUPPSRY,2014,24.098568
1013,NLD,BUPPSRY,2015,23.600424
1014,NLD,BUPPSRY,2016,22.9333
1015,NLD,BUPPSRY,2017,21.618059
1016,NLD,BUPPSRY,2018,20.976793
1017,NLD,BUPPSRY,2019,20.440770999999998
1018,NLD,TRY,2000,23.375116000000002
1019,NLD,TRY,2001,23.205473
1020,NLD,TRY,2002,25.02088
1021,NLD,TRY,2003,27.545015000000003
1022,NLD,TRY,2004,29.537558
1023,NLD,TRY,2005,30.115440000000003
1024,NLD,TRY,2006,30.189871000000004
1025,NLD,TRY,2007,30.803967
1026,NLD,TRY,2008,32.167362
1027,NLD,TRY,2009,32.785396999999996
1028,NLD,TRY,2010,32.389164
1029,NLD,TRY,2011,32.041344
1030,NLD,TRY,2012,34.398334999999996
1031,NLD,TRY,2013,33.869305
1032,NLD,TRY,2014,34.419815
1033,NLD,TRY,2015,35.330765
1034,NLD,TRY,2016,35.999168
1035,NLD,TRY,2017,37.16811
1036,NLD,TRY,2018,38.343895
1037,NLD,TRY,2019,40.385135999999996
1038,NLD,UPPSRY,2000,41.481255
1039,NLD,UPPSRY,2001,41.902198999999996
1040,NLD,UPPSRY,2002,42.813576
1041,NLD,UPPSRY,2003,41.678982
1042,NLD,UPPSRY,2004,41.368679
1043,NLD,UPPSRY,2005,41.703503000000005
1044,NLD,UPPSRY,2006,42.17561
1045,NLD,UPPSRY,2007,42.379169
1046,NLD,UPPSRY,2008,41.124588
1047,NLD,UPPSRY,2009,40.6106
1048,NLD,UPPSRY,2010,40.584415
1049,NLD,UPPSRY,2011,40.242668
1050,NLD,UPPSRY,2012,39.025169
1051,NLD,UPPSRY,2013,41.925877
1052,NLD,UPPSRY,2014,41.481617
1053,NLD,UPPSRY,2015,41.06881
1054,NLD,UPPSRY,2016,41.067532
1055,NLD,UPPSRY,2017,41.213829
1056,NLD,UPPSRY,2018,40.67931
1057,NLD,UPPSRY,2019,39.174091
1058,NZL,BUPPSRY,2000,36.803672999999996
1059,NZL,BUPPSRY,2001,35.522774
1060,NZL,BUPPSRY,2002,34.41552
1061,NZL,BUPPSRY,2003,33.131687
1062,NZL,BUPPSRY,2004,32.920466999999995
1063,NZL,BUPPSRY,2005,31.6005
1064,NZL,BUPPSRY,2006,31.062853000000004
1065,NZL,BUPPSRY,2007,28.924792999999998
1066,NZL,BUPPSRY,2008,27.94714
1067,NZL,BUPPSRY,2009,27.84214
1068,NZL,BUPPSRY,2010,26.960302000000002
1069,NZL,BUPPSRY,2011,25.886049
1070,NZL,BUPPSRY,2012,25.939383
1071,NZL,BUPPSRY,2013,28.640007
1072,NZL,BUPPSRY,2014,25.924784
1073,NZL,BUPPSRY,2015,25.277622
1074,NZL,BUPPSRY,2016,23.423424
1075,NZL,BUPPSRY,2017,21.118554999999997
1076,NZL,BUPPSRY,2018,19.542797
1077,NZL,BUPPSRY,2019,19.302570000000003
1078,NZL,TRY,2014,35.628941
1079,NZL,TRY,2015,34.040531
1080,NZL,TRY,2016,36.275139
1081,NZL,TRY,2017,37.730431
1082,NZL,TRY,2018,39.292675
1083,NZL,TRY,2019,39.065784
1084,NZL,UPPSRY,2014,38.446278
1085,NZL,UPPSRY,2015,40.681847
1086,NZL,UPPSRY,2016,40.301437
1087,NZL,UPPSRY,2017,41.151012
1088,NZL,UPPSRY,2018,41.164528000000004
1089,NZL,UPPSRY,2019,41.631645
1090,NOR,BUPPSRY,2005,22.786382999999997
1091,NOR,BUPPSRY,2006,21.103868
1092,NOR,BUPPSRY,2007,21.07445
1093,NOR,BUPPSRY,2008,19.278467000000003
1094,NOR,BUPPSRY,2009,19.276142
1095,NOR,BUPPSRY,2010,19.372442000000003
1096,NOR,BUPPSRY,2011,18.103582
1097,NOR,BUPPSRY,2012,17.945995
1098,NOR,BUPPSRY,2013,17.591412
1099,NOR,BUPPSRY,2014,18.052679
1100,NOR,BUPPSRY,2015,17.628135999999998
1101,NOR,BUPPSRY,2016,17.761009
1102,NOR,BUPPSRY,2017,18.030542
1103,NOR,BUPPSRY,2018,17.522373
1104,NOR,BUPPSRY,2019,17.480188000000002
1105,NOR,TRY,2005,32.692787
1106,NOR,TRY,2006,32.926327
1107,NOR,TRY,2007,34.198307
1108,NOR,TRY,2008,36.004189000000004
1109,NOR,TRY,2009,36.698498
1110,NOR,TRY,2010,37.284328
1111,NOR,TRY,2011,38.053513
1112,NOR,TRY,2012,38.561893
1113,NOR,TRY,2013,39.770252
1114,NOR,TRY,2014,41.757915000000004
1115,NOR,TRY,2015,42.706734000000004
1116,NOR,TRY,2016,43.016758
1117,NOR,TRY,2017,43.207031
1118,NOR,TRY,2018,43.575832
1119,NOR,TRY,2019,44.129421
1120,NOR,UPPSRY,2005,44.520832
1121,NOR,UPPSRY,2006,45.969803000000006
1122,NOR,UPPSRY,2007,44.727242
1123,NOR,UPPSRY,2008,44.717346
1124,NOR,UPPSRY,2009,44.02536
1125,NOR,UPPSRY,2010,43.343231
1126,NOR,UPPSRY,2011,43.842903
1127,NOR,UPPSRY,2012,43.492111
1128,NOR,UPPSRY,2013,42.638335999999995
1129,NOR,UPPSRY,2014,40.189403999999996
1130,NOR,UPPSRY,2015,39.665131
1131,NOR,UPPSRY,2016,39.222229
1132,NOR,UPPSRY,2017,38.762423999999996
1133,NOR,UPPSRY,2018,38.901794
1134,NOR,UPPSRY,2019,38.390388
1135,POL,BUPPSRY,2000,20.119442000000003
1136,POL,BUPPSRY,2001,19.421961
1137,POL,BUPPSRY,2002,18.766407
1138,POL,BUPPSRY,2003,17.379782000000002
1139,POL,BUPPSRY,2004,16.073539999999998
1140,POL,BUPPSRY,2005,14.887128
1141,POL,BUPPSRY,2006,14.187970000000002
1142,POL,BUPPSRY,2007,13.698364999999999
1143,POL,BUPPSRY,2008,12.851042
1144,POL,BUPPSRY,2009,12.027865
1145,POL,BUPPSRY,2010,11.485272
1146,POL,BUPPSRY,2011,11.087381
1147,POL,BUPPSRY,2012,10.402209
1148,POL,BUPPSRY,2013,9.8658543
1149,POL,BUPPSRY,2014,9.4829636
1150,POL,BUPPSRY,2015,9.2220259
1151,POL,BUPPSRY,2016,8.6792269
1152,POL,BUPPSRY,2017,7.888699099999999
1153,POL,BUPPSRY,2018,7.5521989000000005
1154,POL,BUPPSRY,2019,7.367685799999999
1155,POL,TRY,2000,11.362039999999999
1156,POL,TRY,2001,11.885846
1157,POL,TRY,2002,12.585118
1158,POL,TRY,2003,14.170639999999999
1159,POL,TRY,2004,15.709585999999998
1160,POL,TRY,2005,16.926928
1161,POL,TRY,2006,17.891872
1162,POL,TRY,2007,18.688519
1163,POL,TRY,2008,19.565832
1164,POL,TRY,2009,21.150869
1165,POL,TRY,2010,22.468407
1166,POL,TRY,2011,23.283596
1167,POL,TRY,2012,24.512804
1168,POL,TRY,2013,25.755669
1169,POL,TRY,2014,26.995473999999998
1170,POL,TRY,2015,27.747266999999997
1171,POL,TRY,2016,28.711192999999998
1172,POL,TRY,2017,29.919453000000004
1173,POL,TRY,2018,30.919591999999998
1174,POL,TRY,2019,32.014767
1175,POL,UPPSRY,2000,68.518517
1176,POL,UPPSRY,2001,68.692192
1177,POL,UPPSRY,2002,68.648476
1178,POL,UPPSRY,2003,68.449577
1179,POL,UPPSRY,2004,68.21687299999999
1180,POL,UPPSRY,2005,68.18594399999999
1181,POL,UPPSRY,2006,67.920158
1182,POL,UPPSRY,2007,67.613113
1183,POL,UPPSRY,2008,67.583122
1184,POL,UPPSRY,2009,66.82126600000001
1185,POL,UPPSRY,2010,66.046318
1186,POL,UPPSRY,2011,65.629021
1187,POL,UPPSRY,2012,65.08498399999999
1188,POL,UPPSRY,2013,64.378479
1189,POL,UPPSRY,2014,63.521564
1190,POL,UPPSRY,2015,63.030708
1191,POL,UPPSRY,2016,62.609581000000006
1192,POL,UPPSRY,2017,62.191849
1193,POL,UPPSRY,2018,61.528209999999994
1194,POL,UPPSRY,2019,60.61755
1195,PRT,BUPPSRY,2000,80.625755
1196,PRT,BUPPSRY,2001,79.761848
1197,PRT,BUPPSRY,2002,79.307739
1198,PRT,BUPPSRY,2003,77.178673
1199,PRT,BUPPSRY,2004,74.843437
1200,PRT,BUPPSRY,2005,73.549492
1201,PRT,BUPPSRY,2006,72.390388
1202,PRT,BUPPSRY,2007,72.54441800000001
1203,PRT,BUPPSRY,2008,71.75206
1204,PRT,BUPPSRY,2009,70.095329
1205,PRT,BUPPSRY,2010,68.082458
1206,PRT,BUPPSRY,2011,64.972481
1207,PRT,BUPPSRY,2012,62.369896
1208,PRT,BUPPSRY,2013,59.952484
1209,PRT,BUPPSRY,2014,56.719505000000005
1210,PRT,BUPPSRY,2015,54.877064000000004
1211,PRT,BUPPSRY,2016,53.091141
1212,PRT,BUPPSRY,2017,52.04673
1213,PRT,BUPPSRY,2018,50.189827
1214,PRT,BUPPSRY,2019,47.824013
1215,PRT,TRY,2000,8.8429394
1216,PRT,TRY,2001,9.2361002
1217,PRT,TRY,2002,9.4179335
1218,PRT,TRY,2003,10.958982
1219,PRT,TRY,2004,12.516933
1220,PRT,TRY,2005,12.844431
1221,PRT,TRY,2006,13.480192
1222,PRT,TRY,2007,13.692096
1223,PRT,TRY,2008,14.300379000000001
1224,PRT,TRY,2009,14.666820000000001
1225,PRT,TRY,2010,15.445285
1226,PRT,TRY,2011,17.25703
1227,PRT,TRY,2012,18.534111
1228,PRT,TRY,2013,19.307142000000002
1229,PRT,TRY,2014,21.7169
1230,PRT,TRY,2015,22.857506
1231,PRT,TRY,2016,23.847389
1232,PRT,TRY,2017,24.039421
1233,PRT,TRY,2018,24.984337
1234,PRT,TRY,2019,26.284128000000003
1235,PRT,UPPSRY,2000,10.531308000000001
1236,PRT,UPPSRY,2001,11.002051
1237,PRT,UPPSRY,2002,11.274322999999999
1238,PRT,UPPSRY,2003,11.862341
1239,PRT,UPPSRY,2004,12.639626
1240,PRT,UPPSRY,2005,13.606074
1241,PRT,UPPSRY,2006,14.129419
1242,PRT,UPPSRY,2007,13.763488
1243,PRT,UPPSRY,2008,13.947564000000002
1244,PRT,UPPSRY,2009,15.237851999999998
1245,PRT,UPPSRY,2010,16.472258
1246,PRT,UPPSRY,2011,17.770487
1247,PRT,UPPSRY,2012,19.095991
1248,PRT,UPPSRY,2013,20.740372
1249,PRT,UPPSRY,2014,21.563595
1250,PRT,UPPSRY,2015,22.26543
1251,PRT,UPPSRY,2016,23.06147
1252,PRT,UPPSRY,2017,23.913849
1253,PRT,UPPSRY,2018,24.825838
1254,PRT,UPPSRY,2019,25.891859
1255,SVK,BUPPSRY,2000,16.193579
1256,SVK,BUPPSRY,2001,14.879944
1257,SVK,BUPPSRY,2002,14.090523999999998
1258,SVK,BUPPSRY,2003,13.300556
1259,SVK,BUPPSRY,2004,13.002023
1260,SVK,BUPPSRY,2005,12.130613
1261,SVK,BUPPSRY,2006,11.190296
1262,SVK,BUPPSRY,2007,10.840645
1263,SVK,BUPPSRY,2008,10.066078
1264,SVK,BUPPSRY,2009,9.0549088
1265,SVK,BUPPSRY,2010,9.034791
1266,SVK,BUPPSRY,2011,8.738518699999998
1267,SVK,BUPPSRY,2012,8.2851295
1268,SVK,BUPPSRY,2013,8.2006197
1269,SVK,BUPPSRY,2014,9.1611462
1270,SVK,BUPPSRY,2015,8.7147398
1271,SVK,BUPPSRY,2016,8.2509651
1272,SVK,BUPPSRY,2017,8.6990681
1273,SVK,BUPPSRY,2018,8.421119699999998
1274,SVK,BUPPSRY,2019,8.7892141
1275,SVK,TRY,2000,10.373339999999999
1276,SVK,TRY,2001,10.942797
1277,SVK,TRY,2002,10.958903999999999
1278,SVK,TRY,2003,11.784761999999999
1279,SVK,TRY,2004,12.776853
1280,SVK,TRY,2005,14.004098999999998
1281,SVK,TRY,2006,14.567307000000001
1282,SVK,TRY,2007,14.438412
1283,SVK,TRY,2008,14.763523000000001
1284,SVK,TRY,2009,15.762831
1285,SVK,TRY,2010,17.327984
1286,SVK,TRY,2011,18.617317
1287,SVK,TRY,2012,18.979084
1288,SVK,TRY,2013,19.87734
1289,SVK,TRY,2014,20.379578
1290,SVK,TRY,2015,21.149881
1291,SVK,TRY,2016,21.979519
1292,SVK,TRY,2017,23.095415
1293,SVK,TRY,2018,24.58342
1294,SVK,TRY,2019,25.786274
1295,SVK,UPPSRY,2000,73.433083
1296,SVK,UPPSRY,2001,74.177261
1297,SVK,UPPSRY,2002,74.95056899999999
1298,SVK,UPPSRY,2003,74.91468
1299,SVK,UPPSRY,2004,74.22112299999999
1300,SVK,UPPSRY,2005,73.865288
1301,SVK,UPPSRY,2006,74.242401
1302,SVK,UPPSRY,2007,74.72094
1303,SVK,UPPSRY,2008,75.17040300000001
1304,SVK,UPPSRY,2009,75.182259
1305,SVK,UPPSRY,2010,73.63723
1306,SVK,UPPSRY,2011,72.644165
1307,SVK,UPPSRY,2012,72.735786
1308,SVK,UPPSRY,2013,71.922043
1309,SVK,UPPSRY,2014,70.459274
1310,SVK,UPPSRY,2015,70.13537600000001
1311,SVK,UPPSRY,2016,69.76951600000001
1312,SVK,UPPSRY,2017,68.20552099999999
1313,SVK,UPPSRY,2018,66.99546099999999
1314,SVK,UPPSRY,2019,65.424515
1315,ESP,BUPPSRY,2000,61.405891000000004
1316,ESP,BUPPSRY,2001,59.625758999999995
1317,ESP,BUPPSRY,2002,57.760826
1318,ESP,BUPPSRY,2003,56.340916
1319,ESP,BUPPSRY,2004,54.63604399999999
1320,ESP,BUPPSRY,2005,51.243546
1321,ESP,BUPPSRY,2006,50.311646
1322,ESP,BUPPSRY,2007,49.358928999999996
1323,ESP,BUPPSRY,2008,48.898933
1324,ESP,BUPPSRY,2009,48.375060999999995
1325,ESP,BUPPSRY,2010,47.127037
1326,ESP,BUPPSRY,2011,45.960678
1327,ESP,BUPPSRY,2012,45.344112
1328,ESP,BUPPSRY,2013,44.545615999999995
1329,ESP,BUPPSRY,2014,43.382374
1330,ESP,BUPPSRY,2015,42.565994
1331,ESP,BUPPSRY,2016,41.726074
1332,ESP,BUPPSRY,2017,40.925529
1333,ESP,BUPPSRY,2018,39.884182
1334,ESP,BUPPSRY,2019,38.685894
1335,ESP,TRY,2000,22.704889
1336,ESP,TRY,2001,23.751223
1337,ESP,TRY,2002,24.921057
1338,ESP,TRY,2003,25.625629
1339,ESP,TRY,2004,26.748661
1340,ESP,TRY,2005,28.518796999999996
1341,ESP,TRY,2006,28.809401
1342,ESP,TRY,2007,29.27644
1343,ESP,TRY,2008,29.519303999999998
1344,ESP,TRY,2009,29.989544
1345,ESP,TRY,2010,31.016668
1346,ESP,TRY,2011,31.914559999999998
1347,ESP,TRY,2012,32.649994
1348,ESP,TRY,2013,33.734821000000004
1349,ESP,TRY,2014,34.678776
1350,ESP,TRY,2015,35.081161
1351,ESP,TRY,2016,35.693489
1352,ESP,TRY,2017,36.351273
1353,ESP,TRY,2018,37.252804
1354,ESP,TRY,2019,38.596992
1355,ESP,UPPSRY,2000,15.889219
1356,ESP,UPPSRY,2001,16.623016
1357,ESP,UPPSRY,2002,17.318115
1358,ESP,UPPSRY,2003,18.033455
1359,ESP,UPPSRY,2004,18.615295
1360,ESP,UPPSRY,2005,20.237658
1361,ESP,UPPSRY,2006,20.878954
1362,ESP,UPPSRY,2007,21.364632
1363,ESP,UPPSRY,2008,21.58176
1364,ESP,UPPSRY,2009,21.635395000000003
1365,ESP,UPPSRY,2010,21.856297
1366,ESP,UPPSRY,2011,22.124760000000002
1367,ESP,UPPSRY,2012,22.005894
1368,ESP,UPPSRY,2013,21.719563
1369,ESP,UPPSRY,2014,21.93885
1370,ESP,UPPSRY,2015,22.352846
1371,ESP,UPPSRY,2016,22.580437
1372,ESP,UPPSRY,2017,22.723195999999998
1373,ESP,UPPSRY,2018,22.863016000000002
1374,ESP,UPPSRY,2019,22.717112
1375,SWE,BUPPSRY,2000,22.448189000000003
1376,SWE,BUPPSRY,2001,19.359904999999998
1377,SWE,BUPPSRY,2002,18.423942999999998
1378,SWE,BUPPSRY,2003,17.800028
1379,SWE,BUPPSRY,2004,17.057032
1380,SWE,BUPPSRY,2005,16.40815
1381,SWE,BUPPSRY,2006,15.924377
1382,SWE,BUPPSRY,2007,15.411971
1383,SWE,BUPPSRY,2008,14.958108
1384,SWE,BUPPSRY,2009,14.261110999999998
1385,SWE,BUPPSRY,2010,13.727367000000001
1386,SWE,BUPPSRY,2011,12.964911
1387,SWE,BUPPSRY,2012,12.497745
1388,SWE,BUPPSRY,2013,11.829718
1389,SWE,BUPPSRY,2014,18.445162
1390,SWE,BUPPSRY,2015,18.024088
1391,SWE,BUPPSRY,2016,17.272491
1392,SWE,BUPPSRY,2017,17.003588
1393,SWE,BUPPSRY,2018,16.712725
1394,SWE,BUPPSRY,2019,16.366867000000003
1395,SWE,TRY,2000,30.122953000000003
1396,SWE,TRY,2001,31.602740999999998
1397,SWE,TRY,2002,32.565090000000005
1398,SWE,TRY,2003,33.419739
1399,SWE,TRY,2004,34.529377000000004
1400,SWE,TRY,2005,29.645443
1401,SWE,TRY,2006,30.520433
1402,SWE,TRY,2007,31.328465
1403,SWE,TRY,2008,32.02702
1404,SWE,TRY,2009,33.060085
1405,SWE,TRY,2010,33.868935
1406,SWE,TRY,2011,35.174355
1407,SWE,TRY,2012,35.698952
1408,SWE,TRY,2013,37.034386
1409,SWE,TRY,2014,38.700306
1410,SWE,TRY,2015,39.786552
1411,SWE,TRY,2016,41.139179
1412,SWE,TRY,2017,41.936690999999996
1413,SWE,TRY,2018,43.247318
1414,SWE,TRY,2019,43.970543
1415,SWE,UPPSRY,2000,47.42886
1416,SWE,UPPSRY,2001,49.037354
1417,SWE,UPPSRY,2002,49.010967
1418,SWE,UPPSRY,2003,48.780231
1419,SWE,UPPSRY,2004,48.413593
1420,SWE,UPPSRY,2005,53.946406999999994
1421,SWE,UPPSRY,2006,53.555191
1422,SWE,UPPSRY,2007,53.259563
1423,SWE,UPPSRY,2008,53.014869999999995
1424,SWE,UPPSRY,2009,52.67880600000001
1425,SWE,UPPSRY,2010,52.403698
1426,SWE,UPPSRY,2011,51.860733
1427,SWE,UPPSRY,2012,51.803307000000004
1428,SWE,UPPSRY,2013,51.135899
1429,SWE,UPPSRY,2014,42.85453
1430,SWE,UPPSRY,2015,42.189362
1431,SWE,UPPSRY,2016,41.588328999999995
1432,SWE,UPPSRY,2017,41.059723
1433,SWE,UPPSRY,2018,40.039955
1434,SWE,UPPSRY,2019,39.662586
1435,CHE,BUPPSRY,2000,16.120359
1436,CHE,BUPPSRY,2001,15.138646
1437,CHE,BUPPSRY,2002,15.060054000000001
1438,CHE,BUPPSRY,2003,15.401092000000002
1439,CHE,BUPPSRY,2004,14.979351999999999
1440,CHE,BUPPSRY,2005,14.753095000000002
1441,CHE,BUPPSRY,2006,14.6002
1442,CHE,BUPPSRY,2007,14.042429
1443,CHE,BUPPSRY,2008,13.192060000000001
1444,CHE,BUPPSRY,2009,13.083202
1445,CHE,BUPPSRY,2010,14.966760999999998
1446,CHE,BUPPSRY,2011,15.176706
1447,CHE,BUPPSRY,2012,14.334973000000002
1448,CHE,BUPPSRY,2013,13.589898999999999
1449,CHE,BUPPSRY,2014,12.776213
1450,CHE,BUPPSRY,2015,12.704829
1451,CHE,BUPPSRY,2016,12.564119
1452,CHE,BUPPSRY,2017,12.191644
1453,CHE,BUPPSRY,2018,11.598805
1454,CHE,BUPPSRY,2019,10.993076
1455,CHE,TRY,2000,24.177282
1456,CHE,TRY,2001,25.401982999999998
1457,CHE,TRY,2002,25.385767
1458,CHE,TRY,2003,26.875856
1459,CHE,TRY,2004,28.088779
1460,CHE,TRY,2005,28.763942999999998
1461,CHE,TRY,2006,29.851349
1462,CHE,TRY,2007,31.327906
1463,CHE,TRY,2008,33.652287
1464,CHE,TRY,2009,35.020153
1465,CHE,TRY,2010,33.881504
1466,CHE,TRY,2011,34.000178999999996
1467,CHE,TRY,2012,35.291126
1468,CHE,TRY,2013,37.407191999999995
1469,CHE,TRY,2014,38.428497
1470,CHE,TRY,2015,39.782719
1471,CHE,TRY,2016,41.235473999999996
1472,CHE,TRY,2017,42.594601000000004
1473,CHE,TRY,2018,43.744415000000004
1474,CHE,TRY,2019,44.412537
1475,CHE,UPPSRY,2000,59.702358
1476,CHE,UPPSRY,2001,59.45936999999999
1477,CHE,UPPSRY,2002,59.55418
1478,CHE,UPPSRY,2003,57.723048999999996
1479,CHE,UPPSRY,2004,56.931869999999996
1480,CHE,UPPSRY,2005,56.482964
1481,CHE,UPPSRY,2006,55.54845
1482,CHE,UPPSRY,2007,54.629665
1483,CHE,UPPSRY,2008,53.155655
1484,CHE,UPPSRY,2009,51.896645
1485,CHE,UPPSRY,2010,51.151737
1486,CHE,UPPSRY,2011,50.823112
1487,CHE,UPPSRY,2012,50.373901000000004
1488,CHE,UPPSRY,2013,49.002911
1489,CHE,UPPSRY,2014,48.795288
1490,CHE,UPPSRY,2015,47.512451
1491,CHE,UPPSRY,2016,46.200404999999996
1492,CHE,UPPSRY,2017,45.213757
1493,CHE,UPPSRY,2018,44.65678
1494,CHE,UPPSRY,2019,44.594387
1495,TUR,BUPPSRY,2000,76.703934
1496,TUR,BUPPSRY,2001,76.448608
1497,TUR,BUPPSRY,2002,74.994644
1498,TUR,BUPPSRY,2003,73.536079
1499,TUR,BUPPSRY,2004,72.799454
1500,TUR,BUPPSRY,2005,71.917953
1501,TUR,BUPPSRY,2006,70.854713
1502,TUR,BUPPSRY,2007,70.408333
1503,TUR,BUPPSRY,2008,69.691528
1504,TUR,BUPPSRY,2009,68.94503
1505,TUR,BUPPSRY,2010,68.793961
1506,TUR,BUPPSRY,2011,67.851822
1507,TUR,BUPPSRY,2012,66.135818
1508,TUR,BUPPSRY,2013,65.167839
1509,TUR,BUPPSRY,2014,64.367012
1510,TUR,BUPPSRY,2015,63.007553
1511,TUR,BUPPSRY,2016,61.48654200000001
1512,TUR,BUPPSRY,2017,60.708405000000006
1513,TUR,BUPPSRY,2018,59.763054000000004
1514,TUR,BUPPSRY,2019,58.29987
1515,TUR,TRY,2000,8.3461838
1516,TUR,TRY,2001,8.4432325
1517,TUR,TRY,2002,9.1408987
1518,TUR,TRY,2003,9.704467800000002
1519,TUR,TRY,2004,9.653903
1520,TUR,TRY,2005,10.238610000000001
1521,TUR,TRY,2006,10.919286999999999
1522,TUR,TRY,2007,11.290907
1523,TUR,TRY,2008,12.040659
1524,TUR,TRY,2009,12.710275
1525,TUR,TRY,2010,13.118464000000001
1526,TUR,TRY,2011,14.034094
1527,TUR,TRY,2012,15.290227
1528,TUR,TRY,2013,15.907354999999999
1529,TUR,TRY,2014,16.693634
1530,TUR,TRY,2015,18.020138
1531,TUR,TRY,2016,19.362528
1532,TUR,TRY,2017,20.013071
1533,TUR,TRY,2018,20.780222
1534,TUR,TRY,2019,21.951159
1535,TUR,UPPSRY,2000,14.949883999999999
1536,TUR,UPPSRY,2001,15.108154999999998
1537,TUR,UPPSRY,2002,15.864457999999999
1538,TUR,UPPSRY,2003,16.759451000000002
1539,TUR,UPPSRY,2004,17.546646
1540,TUR,UPPSRY,2005,17.843439
1541,TUR,UPPSRY,2006,18.225998
1542,TUR,UPPSRY,2007,18.300762
1543,TUR,UPPSRY,2008,18.267813
1544,TUR,UPPSRY,2009,18.344694
1545,TUR,UPPSRY,2010,18.087578
1546,TUR,UPPSRY,2011,18.114084
1547,TUR,UPPSRY,2012,18.573956
1548,TUR,UPPSRY,2013,18.924805
1549,TUR,UPPSRY,2014,18.939352
1550,TUR,UPPSRY,2015,18.972310999999998
1551,TUR,UPPSRY,2016,19.15093
1552,TUR,UPPSRY,2017,19.278526
1553,TUR,UPPSRY,2018,19.456722
1554,TUR,UPPSRY,2019,19.74897
1555,GBR,BUPPSRY,2000,37.388611
1556,GBR,BUPPSRY,2001,37.15152
1557,GBR,BUPPSRY,2002,35.746798999999996
1558,GBR,BUPPSRY,2003,34.921486
1559,GBR,BUPPSRY,2004,33.831558
1560,GBR,BUPPSRY,2005,33.16832
1561,GBR,BUPPSRY,2006,29.098894
1562,GBR,BUPPSRY,2007,27.807289
1563,GBR,BUPPSRY,2008,28.359347999999997
1564,GBR,BUPPSRY,2009,26.256871999999998
1565,GBR,BUPPSRY,2010,24.937599
1566,GBR,BUPPSRY,2011,23.167467000000002
1567,GBR,BUPPSRY,2012,21.91477
1568,GBR,BUPPSRY,2013,20.849527
1569,GBR,BUPPSRY,2014,20.834970000000002
1570,GBR,BUPPSRY,2015,20.38233
1571,GBR,BUPPSRY,2016,19.253021
1572,GBR,BUPPSRY,2017,18.831131
1573,GBR,BUPPSRY,2018,20.707432
1574,GBR,BUPPSRY,2019,19.939764
1575,GBR,TRY,2000,25.683083
1576,GBR,TRY,2001,26.126522
1577,GBR,TRY,2002,26.840527
1578,GBR,TRY,2003,27.998172999999998
1579,GBR,TRY,2004,29.338521999999998
1580,GBR,TRY,2005,29.709032
1581,GBR,TRY,2006,34.191841
1582,GBR,TRY,2007,35.536041
1583,GBR,TRY,2008,35.216167
1584,GBR,TRY,2009,36.984959
1585,GBR,TRY,2010,38.187191
1586,GBR,TRY,2011,39.412372999999995
1587,GBR,TRY,2012,40.977753
1588,GBR,TRY,2013,41.891979
1589,GBR,TRY,2014,42.217449
1590,GBR,TRY,2015,44.197987
1591,GBR,TRY,2016,45.766762
1592,GBR,TRY,2017,45.744305
1593,GBR,TRY,2018,45.781677
1594,GBR,TRY,2019,47.189125
1595,GBR,UPPSRY,2000,36.928307000000004
1596,GBR,UPPSRY,2001,36.721958
1597,GBR,UPPSRY,2002,37.412673999999996
1598,GBR,UPPSRY,2003,37.080341
1599,GBR,UPPSRY,2004,36.829921999999996
1600,GBR,UPPSRY,2005,37.12265
1601,GBR,UPPSRY,2006,36.709263
1602,GBR,UPPSRY,2007,36.656673
1603,GBR,UPPSRY,2008,36.424484
1604,GBR,UPPSRY,2009,36.758167
1605,GBR,UPPSRY,2010,36.875209999999996
1606,GBR,UPPSRY,2011,37.420158
1607,GBR,UPPSRY,2012,37.107475
1608,GBR,UPPSRY,2013,37.258495
1609,GBR,UPPSRY,2014,36.947582000000004
1610,GBR,UPPSRY,2015,35.419685
1611,GBR,UPPSRY,2016,34.980216999999996
1612,GBR,UPPSRY,2017,35.424564000000004
1613,GBR,UPPSRY,2018,33.510891
1614,GBR,UPPSRY,2019,32.871109000000004
1615,USA,BUPPSRY,2000,12.557263
1616,USA,BUPPSRY,2001,12.616223
1617,USA,BUPPSRY,2002,12.656255999999999
1618,USA,BUPPSRY,2003,12.469723
1619,USA,BUPPSRY,2004,12.092217999999999
1620,USA,BUPPSRY,2005,12.225617999999999
1621,USA,BUPPSRY,2006,12.203516
1622,USA,BUPPSRY,2007,12.088685
1623,USA,BUPPSRY,2008,11.304346
1624,USA,BUPPSRY,2009,11.355431
1625,USA,BUPPSRY,2010,11.030482000000001
1626,USA,BUPPSRY,2011,10.741900999999999
1627,USA,BUPPSRY,2012,10.692155
1628,USA,BUPPSRY,2013,10.371985
1629,USA,BUPPSRY,2014,10.429553
1630,USA,BUPPSRY,2015,10.457861
1631,USA,BUPPSRY,2016,9.852749800000002
1632,USA,BUPPSRY,2017,9.3544931
1633,USA,BUPPSRY,2018,9.176163699999998
1634,USA,BUPPSRY,2019,9.189870800000001
1635,USA,TRY,2000,36.494774
1636,USA,TRY,2001,37.520222
1637,USA,TRY,2002,38.133007
1638,USA,TRY,2003,38.42197
1639,USA,TRY,2004,39.052997999999995
1640,USA,TRY,2005,39.054728999999995
1641,USA,TRY,2006,39.486282
1642,USA,TRY,2007,40.270866
1643,USA,TRY,2008,41.10516
1644,USA,TRY,2009,41.214626
1645,USA,TRY,2010,41.662415
1646,USA,TRY,2011,42.44838
1647,USA,TRY,2012,43.052437
1648,USA,TRY,2013,43.910252
1649,USA,TRY,2014,44.224616999999995
1650,USA,TRY,2015,44.629397999999995
1651,USA,TRY,2016,45.666354999999996
1652,USA,TRY,2017,46.3568
1653,USA,TRY,2018,47.431145
1654,USA,TRY,2019,48.340187
1655,USA,UPPSRY,2000,50.947959999999995
1656,USA,UPPSRY,2001,49.863556
1657,USA,UPPSRY,2002,49.210739000000004
1658,USA,UPPSRY,2003,49.108307
1659,USA,UPPSRY,2004,48.854782
1660,USA,UPPSRY,2005,48.719654
1661,USA,UPPSRY,2006,48.3102
1662,USA,UPPSRY,2007,47.640446000000004
1663,USA,UPPSRY,2008,47.590492
1664,USA,UPPSRY,2009,47.429943
1665,USA,UPPSRY,2010,47.307102
1666,USA,UPPSRY,2011,46.809719
1667,USA,UPPSRY,2012,46.255409
1668,USA,UPPSRY,2013,45.717762
1669,USA,UPPSRY,2014,45.345833
1670,USA,UPPSRY,2015,44.912739
1671,USA,UPPSRY,2016,44.480896
1672,USA,UPPSRY,2017,44.288703999999996
1673,USA,UPPSRY,2018,43.392693
1674,USA,UPPSRY,2019,42.469944
1675,BRA,BUPPSRY,2007,63.19165400000001
1676,BRA,BUPPSRY,2008,61.16183100000001
1677,BRA,BUPPSRY,2009,59.32708
1678,BRA,BUPPSRY,2011,56.729549
1679,BRA,BUPPSRY,2012,54.996342000000006
1680,BRA,BUPPSRY,2013,53.588863
1681,BRA,BUPPSRY,2014,52.637005
1682,BRA,BUPPSRY,2015,51.127499
1683,BRA,BUPPSRY,2016,49.444931
1684,BRA,BUPPSRY,2017,48.653557
1685,BRA,BUPPSRY,2018,46.954311
1686,BRA,TRY,2007,9.6238279
1687,BRA,TRY,2008,10.795494
1688,BRA,TRY,2009,10.863071000000001
1689,BRA,TRY,2011,11.614742
1690,BRA,TRY,2012,12.993286
1691,BRA,TRY,2013,13.746482
1692,BRA,TRY,2014,14.321353
1693,BRA,TRY,2015,14.794607999999998
1694,BRA,TRY,2016,16.941195
1695,BRA,TRY,2017,17.228626000000002
1696,BRA,TRY,2018,18.429998
1697,BRA,UPPSRY,2007,27.184517
1698,BRA,UPPSRY,2008,28.042675
1699,BRA,UPPSRY,2009,29.809849
1700,BRA,UPPSRY,2011,31.655708
1701,BRA,UPPSRY,2012,32.010372
1702,BRA,UPPSRY,2013,32.664654
1703,BRA,UPPSRY,2014,33.041641
1704,BRA,UPPSRY,2015,34.077896
1705,BRA,UPPSRY,2016,33.613873
1706,BRA,UPPSRY,2017,34.117816999999995
1707,BRA,UPPSRY,2018,34.615691999999996
1708,CHL,BUPPSRY,2009,43.493384999999996
1709,CHL,BUPPSRY,2011,42.320229
1710,CHL,BUPPSRY,2013,38.585766
1711,CHL,BUPPSRY,2015,35.133507
1712,CHL,BUPPSRY,2017,32.552322
1713,CHL,TRY,2009,17.120726
1714,CHL,TRY,2011,17.813892000000003
1715,CHL,TRY,2013,21.089819
1716,CHL,TRY,2015,22.475199
1717,CHL,TRY,2017,25.168179000000002
1718,CHL,UPPSRY,2009,39.385891
1719,CHL,UPPSRY,2011,39.865879
1720,CHL,UPPSRY,2013,40.324417
1721,CHL,UPPSRY,2015,42.391296000000004
1722,CHL,UPPSRY,2017,42.279499
1723,CHN,BUPPSRY,2010,75.53817
1724,CHN,TRY,2010,9.6811743
1725,CHN,UPPSRY,2010,14.780653
1726,COL,BUPPSRY,2014,48.033009
1727,COL,BUPPSRY,2015,49.589104
1728,COL,BUPPSRY,2016,47.523586
1729,COL,BUPPSRY,2017,46.221489
1730,COL,BUPPSRY,2018,44.813713
1731,COL,BUPPSRY,2019,43.28978
1732,COL,TRY,2014,22.356598
1733,COL,TRY,2015,21.562889000000002
1734,COL,TRY,2016,22.247128
1735,COL,TRY,2017,22.491623
1736,COL,TRY,2018,23.391361
1737,COL,TRY,2019,23.819326
1738,COL,UPPSRY,2014,29.610394
1739,COL,UPPSRY,2015,28.848007
1740,COL,UPPSRY,2016,30.229284000000003
1741,COL,UPPSRY,2017,31.286890000000003
1742,COL,UPPSRY,2018,31.794923999999998
1743,COL,UPPSRY,2019,32.890892
1744,EST,BUPPSRY,2000,14.751366
1745,EST,BUPPSRY,2001,13.769239
1746,EST,BUPPSRY,2002,13.215323000000001
1747,EST,BUPPSRY,2003,12.355169
1748,EST,BUPPSRY,2004,11.743241000000001
1749,EST,BUPPSRY,2005,11.341643
1750,EST,BUPPSRY,2006,11.717903
1751,EST,BUPPSRY,2007,11.159678
1752,EST,BUPPSRY,2008,11.692819
1753,EST,BUPPSRY,2009,11.327562
1754,EST,BUPPSRY,2010,10.864561
1755,EST,BUPPSRY,2011,10.989735000000001
1756,EST,BUPPSRY,2012,10.076135
1757,EST,BUPPSRY,2013,9.480652800000001
1758,EST,BUPPSRY,2014,11.895004
1759,EST,BUPPSRY,2015,11.442164
1760,EST,BUPPSRY,2016,11.104439999999999
1761,EST,BUPPSRY,2017,11.317183
1762,EST,BUPPSRY,2018,10.810427
1763,EST,BUPPSRY,2019,9.9434958
1764,EST,TRY,2000,28.669166999999998
1765,EST,TRY,2001,29.479181
1766,EST,TRY,2002,29.358722999999998
1767,EST,TRY,2003,29.649634999999996
1768,EST,TRY,2004,30.712088
1769,EST,TRY,2005,33.025089
1770,EST,TRY,2006,33.118874
1771,EST,TRY,2007,33.146008
1772,EST,TRY,2008,34.176804
1773,EST,TRY,2009,36.065544
1774,EST,TRY,2010,35.423084
1775,EST,TRY,2011,36.889767
1776,EST,TRY,2012,37.605877
1777,EST,TRY,2013,37.345535
1778,EST,TRY,2014,37.499953999999995
1779,EST,TRY,2015,38.030696999999996
1780,EST,TRY,2016,38.756851
1781,EST,TRY,2017,39.663879
1782,EST,TRY,2018,41.130722
1783,EST,TRY,2019,41.368297999999996
1784,EST,UPPSRY,2000,56.579468000000006
1785,EST,UPPSRY,2001,56.75157900000001
1786,EST,UPPSRY,2002,57.425953
1787,EST,UPPSRY,2003,57.99519300000001
1788,EST,UPPSRY,2004,57.544669999999996
1789,EST,UPPSRY,2005,55.633266000000006
1790,EST,UPPSRY,2006,55.163222999999995
1791,EST,UPPSRY,2007,55.694317000000005
1792,EST,UPPSRY,2008,54.130379000000005
1793,EST,UPPSRY,2009,52.606894999999994
1794,EST,UPPSRY,2010,53.712353
1795,EST,UPPSRY,2011,52.120499
1796,EST,UPPSRY,2012,52.317989000000004
1797,EST,UPPSRY,2013,53.173813
1798,EST,UPPSRY,2014,50.605042
1799,EST,UPPSRY,2015,50.527138
1800,EST,UPPSRY,2016,50.138709999999996
1801,EST,UPPSRY,2017,49.018936
1802,EST,UPPSRY,2018,48.058849
1803,EST,UPPSRY,2019,48.688206
1804,IDN,BUPPSRY,2004,77.51673100000001
1805,IDN,BUPPSRY,2005,76.001915
1806,IDN,BUPPSRY,2006,74.035995
1807,IDN,BUPPSRY,2007,73.748695
1808,IDN,BUPPSRY,2008,79.396156
1809,IDN,BUPPSRY,2009,71.04689
1810,IDN,BUPPSRY,2010,69.68969
1811,IDN,BUPPSRY,2011,68.898232
1812,IDN,BUPPSRY,2012,68.246284
1813,IDN,BUPPSRY,2013,67.267471
1814,IDN,BUPPSRY,2014,66.420502
1815,IDN,BUPPSRY,2015,64.566017
1816,IDN,BUPPSRY,2016,62.976006000000005
1817,IDN,BUPPSRY,2017,62.10264599999999
1818,IDN,TRY,2004,8.129610099999999
1819,IDN,TRY,2005,5.4441252
1820,IDN,TRY,2006,6.1217303
1821,IDN,TRY,2007,6.8957992
1822,IDN,TRY,2008,6.4554873
1823,IDN,TRY,2009,7.528502900000001
1824,IDN,TRY,2010,7.9779862999999995
1825,IDN,TRY,2011,8.156499900000002
1826,IDN,TRY,2012,9.007103
1827,IDN,TRY,2013,9.3885174
1828,IDN,TRY,2014,9.678301800000002
1829,IDN,TRY,2015,10.567527
1830,IDN,TRY,2016,11.337651
1831,IDN,TRY,2017,11.857569
1832,IDN,UPPSRY,2004,14.353660999999999
1833,IDN,UPPSRY,2005,18.553963
1834,IDN,UPPSRY,2006,19.842274
1835,IDN,UPPSRY,2007,19.355504999999997
1836,IDN,UPPSRY,2008,14.148354999999999
1837,IDN,UPPSRY,2009,21.424606
1838,IDN,UPPSRY,2010,22.332325
1839,IDN,UPPSRY,2011,22.945270999999998
1840,IDN,UPPSRY,2012,22.746614
1841,IDN,UPPSRY,2013,23.344013
1842,IDN,UPPSRY,2014,23.901196
1843,IDN,UPPSRY,2015,24.866453
1844,IDN,UPPSRY,2016,25.686342
1845,IDN,UPPSRY,2017,26.039787
1846,ISR,BUPPSRY,2002,19.664862
1847,ISR,BUPPSRY,2003,18.085173
1848,ISR,BUPPSRY,2005,21.065123
1849,ISR,BUPPSRY,2007,19.584095
1850,ISR,BUPPSRY,2008,18.767063
1851,ISR,BUPPSRY,2009,18.222622
1852,ISR,BUPPSRY,2010,17.935620999999998
1853,ISR,BUPPSRY,2011,16.986902
1854,ISR,BUPPSRY,2012,15.451829
1855,ISR,BUPPSRY,2013,15.01176
1856,ISR,BUPPSRY,2014,14.64511
1857,ISR,BUPPSRY,2015,14.464885
1858,ISR,BUPPSRY,2016,13.231214999999999
1859,ISR,BUPPSRY,2017,12.625726
1860,ISR,BUPPSRY,2018,13.634554999999999
1861,ISR,BUPPSRY,2019,12.920499000000001
1862,ISR,TRY,2002,42.090389
1863,ISR,TRY,2003,42.894890000000004
1864,ISR,TRY,2005,43.047825
1865,ISR,TRY,2007,43.587070000000004
1866,ISR,TRY,2008,43.980537
1867,ISR,TRY,2009,44.880913
1868,ISR,TRY,2010,45.560074
1869,ISR,TRY,2011,46.396889
1870,ISR,TRY,2012,46.441711
1871,ISR,TRY,2013,47.421043
1872,ISR,TRY,2014,48.53273
1873,ISR,TRY,2015,48.824478000000006
1874,ISR,TRY,2016,49.895348
1875,ISR,TRY,2017,50.91605
1876,ISR,TRY,2018,50.201576
1877,ISR,TRY,2019,50.246292
1878,ISR,UPPSRY,2002,38.244751
1879,ISR,UPPSRY,2003,39.019939
1880,ISR,UPPSRY,2005,35.887051
1881,ISR,UPPSRY,2007,36.828835
1882,ISR,UPPSRY,2008,37.252399
1883,ISR,UPPSRY,2009,36.896465
1884,ISR,UPPSRY,2010,36.504307
1885,ISR,UPPSRY,2011,36.616207
1886,ISR,UPPSRY,2012,38.106457
1887,ISR,UPPSRY,2013,37.567196
1888,ISR,UPPSRY,2014,36.822159
1889,ISR,UPPSRY,2015,36.710636
1890,ISR,UPPSRY,2016,36.87344
1891,ISR,UPPSRY,2017,36.458225
1892,ISR,UPPSRY,2018,36.163872
1893,ISR,UPPSRY,2019,36.83321
1894,LVA,BUPPSRY,2000,16.759621
1895,LVA,BUPPSRY,2001,20.794182
1896,LVA,BUPPSRY,2002,17.904789
1897,LVA,BUPPSRY,2003,17.034329999999997
1898,LVA,BUPPSRY,2004,15.678306
1899,LVA,BUPPSRY,2005,15.580101999999998
1900,LVA,BUPPSRY,2006,15.870779
1901,LVA,BUPPSRY,2007,15.36415
1902,LVA,BUPPSRY,2008,14.141485000000001
1903,LVA,BUPPSRY,2009,13.22369
1904,LVA,BUPPSRY,2010,11.396096
1905,LVA,BUPPSRY,2011,12.062219
1906,LVA,BUPPSRY,2012,10.897214
1907,LVA,BUPPSRY,2013,10.645624
1908,LVA,BUPPSRY,2014,13.338798
1909,LVA,BUPPSRY,2015,12.217953
1910,LVA,BUPPSRY,2016,11.318077
1911,LVA,BUPPSRY,2017,12.391879
1912,LVA,BUPPSRY,2018,12.368317999999999
1913,LVA,BUPPSRY,2019,11.564805999999999
1914,LVA,TRY,2000,18.218045999999998
1915,LVA,TRY,2001,17.809738
1916,LVA,TRY,2002,18.869808
1917,LVA,TRY,2003,17.920399
1918,LVA,TRY,2004,19.785511
1919,LVA,TRY,2005,20.293004999999997
1920,LVA,TRY,2006,20.919746
1921,LVA,TRY,2007,22.18199
1922,LVA,TRY,2008,24.822483
1923,LVA,TRY,2009,25.846195
1924,LVA,TRY,2010,26.946114
1925,LVA,TRY,2011,27.693270000000002
1926,LVA,TRY,2012,29.227177
1927,LVA,TRY,2013,31.011995000000002
1928,LVA,TRY,2014,30.230137
1929,LVA,TRY,2015,31.591949
1930,LVA,TRY,2016,33.361481
1931,LVA,TRY,2017,33.882294
1932,LVA,TRY,2018,33.939289
1933,LVA,TRY,2019,35.707733000000005
1934,LVA,UPPSRY,2000,65.02233100000001
1935,LVA,UPPSRY,2001,61.396080000000005
1936,LVA,UPPSRY,2002,63.225403
1937,LVA,UPPSRY,2003,65.045273
1938,LVA,UPPSRY,2004,64.536186
1939,LVA,UPPSRY,2005,64.126892
1940,LVA,UPPSRY,2006,63.209472999999996
1941,LVA,UPPSRY,2007,62.453860999999996
1942,LVA,UPPSRY,2008,61.036030000000004
1943,LVA,UPPSRY,2009,60.930115
1944,LVA,UPPSRY,2010,61.657791
1945,LVA,UPPSRY,2011,60.244510999999996
1946,LVA,UPPSRY,2012,59.875609999999995
1947,LVA,UPPSRY,2013,58.342381
1948,LVA,UPPSRY,2014,56.431065000000004
1949,LVA,UPPSRY,2015,56.190098
1950,LVA,UPPSRY,2016,55.32044200000001
1951,LVA,UPPSRY,2017,53.725826
1952,LVA,UPPSRY,2018,53.69239399999999
1953,LVA,UPPSRY,2019,52.727458999999996
1954,RUS,BUPPSRY,2010,7.195199000000001
1955,RUS,BUPPSRY,2011,7.2196174
1956,RUS,BUPPSRY,2012,6.9798198000000005
1957,RUS,BUPPSRY,2013,6.712987400000001
1958,RUS,BUPPSRY,2014,6.633194400000001
1959,RUS,BUPPSRY,2015,6.3395805
1960,RUS,BUPPSRY,2016,6.0239758000000005
1961,RUS,BUPPSRY,2017,4.757205
1962,RUS,BUPPSRY,2018,4.8022981
1963,RUS,TRY,2010,50.371468
1964,RUS,TRY,2011,50.557613
1965,RUS,TRY,2012,50.516804
1966,RUS,TRY,2013,51.261497
1967,RUS,TRY,2014,51.567863
1968,RUS,TRY,2015,52.42807
1969,RUS,TRY,2016,53.056892000000005
1970,RUS,TRY,2017,56.70015
1971,RUS,TRY,2018,56.72552099999999
1972,RUS,UPPSRY,2010,42.433334
1973,RUS,UPPSRY,2011,42.222771
1974,RUS,UPPSRY,2012,42.503376
1975,RUS,UPPSRY,2013,42.025513000000004
1976,RUS,UPPSRY,2014,41.798943
1977,RUS,UPPSRY,2015,41.232349
1978,RUS,UPPSRY,2016,40.919132
1979,RUS,UPPSRY,2017,38.542645
1980,RUS,UPPSRY,2018,38.472183
1981,SVN,BUPPSRY,2000,25.176582
1982,SVN,BUPPSRY,2002,22.982054
1983,SVN,BUPPSRY,2003,21.86058
1984,SVN,BUPPSRY,2004,20.331007
1985,SVN,BUPPSRY,2005,19.703846
1986,SVN,BUPPSRY,2006,18.436632
1987,SVN,BUPPSRY,2007,18.181656
1988,SVN,BUPPSRY,2008,17.956785
1989,SVN,BUPPSRY,2009,16.713486
1990,SVN,BUPPSRY,2010,16.689947
1991,SVN,BUPPSRY,2011,15.523709
1992,SVN,BUPPSRY,2012,15.027220999999999
1993,SVN,BUPPSRY,2013,14.546692000000002
1994,SVN,BUPPSRY,2014,14.274657000000001
1995,SVN,BUPPSRY,2015,13.213673000000002
1996,SVN,BUPPSRY,2016,12.655439999999999
1997,SVN,BUPPSRY,2017,12.3177
1998,SVN,BUPPSRY,2018,11.862703
1999,SVN,BUPPSRY,2019,11.202892
2000,SVN,TRY,2000,15.726464000000002
2001,SVN,TRY,2002,15.257369
2002,SVN,TRY,2003,17.744364
2003,SVN,TRY,2004,19.040981
2004,SVN,TRY,2005,20.171976
2005,SVN,TRY,2006,21.387041
2006,SVN,TRY,2007,22.227601999999997
2007,SVN,TRY,2008,22.637665
2008,SVN,TRY,2009,23.315817000000003
2009,SVN,TRY,2010,23.716619
2010,SVN,TRY,2011,25.09059
2011,SVN,TRY,2012,26.439034999999997
2012,SVN,TRY,2013,27.880540999999997
2013,SVN,TRY,2014,28.600915999999998
2014,SVN,TRY,2015,30.173296
2015,SVN,TRY,2016,30.735788
2016,SVN,TRY,2017,34.302807
2017,SVN,TRY,2018,32.455208
2018,SVN,TRY,2019,33.283279
2019,SVN,UPPSRY,2000,59.096954000000004
2020,SVN,UPPSRY,2002,61.760578
2021,SVN,UPPSRY,2003,60.395054
2022,SVN,UPPSRY,2004,60.628014
2023,SVN,UPPSRY,2005,60.12418
2024,SVN,UPPSRY,2006,60.176327
2025,SVN,UPPSRY,2007,59.590743999999994
2026,SVN,UPPSRY,2008,59.405547999999996
2027,SVN,UPPSRY,2009,59.97069499999999
2028,SVN,UPPSRY,2010,59.593433
2029,SVN,UPPSRY,2011,59.3857
2030,SVN,UPPSRY,2012,58.533744999999996
2031,SVN,UPPSRY,2013,57.572768999999994
2032,SVN,UPPSRY,2014,57.124428
2033,SVN,UPPSRY,2015,56.613032999999994
2034,SVN,UPPSRY,2016,56.608771999999995
2035,SVN,UPPSRY,2017,53.379493999999994
2036,SVN,UPPSRY,2018,55.682087
2037,SVN,UPPSRY,2019,55.513828000000004
2038,ZAF,BUPPSRY,2008,38.194649
2039,ZAF,BUPPSRY,2009,36.146446000000005
2040,ZAF,BUPPSRY,2010,35.004402
2041,ZAF,BUPPSRY,2011,33.650253
2042,ZAF,BUPPSRY,2012,32.204399
2043,ZAF,BUPPSRY,2013,30.601843
2044,ZAF,BUPPSRY,2014,29.172258000000003
2045,ZAF,BUPPSRY,2015,29.262597999999997
2046,ZAF,BUPPSRY,2016,28.341501
2047,ZAF,BUPPSRY,2017,26.727197999999998
2048,ZAF,BUPPSRY,2018,25.827738
2049,ZAF,TRY,2008,5.1217265
2050,ZAF,TRY,2009,5.0579209
2051,ZAF,TRY,2010,5.269074400000001
2052,ZAF,TRY,2011,5.650092099999999
2053,ZAF,TRY,2012,5.5786242
2054,ZAF,TRY,2013,6.4559345
2055,ZAF,TRY,2014,6.4785309
2056,ZAF,TRY,2015,6.988938799999999
2057,ZAF,TRY,2016,6.9798017
2058,ZAF,TRY,2017,7.4416285
2059,ZAF,TRY,2018,7.1976118
2060,ZAF,UPPSRY,2008,56.683624
2061,ZAF,UPPSRY,2009,58.79563100000001
2062,ZAF,UPPSRY,2010,59.726521
2063,ZAF,UPPSRY,2011,60.699654
2064,ZAF,UPPSRY,2012,62.216976
2065,ZAF,UPPSRY,2013,62.942223
2066,ZAF,UPPSRY,2014,64.349213
2067,ZAF,UPPSRY,2015,63.748463
2068,ZAF,UPPSRY,2016,64.678696
2069,ZAF,UPPSRY,2017,65.83116899999999
2070,ZAF,UPPSRY,2018,66.974648
2071,OAVG,BUPPSRY,2000,35.503431
2072,OAVG,BUPPSRY,2001,36.147895
2073,OAVG,BUPPSRY,2002,33.960143
2074,OAVG,BUPPSRY,2003,32.615308
2075,OAVG,BUPPSRY,2004,31.699633000000002
2076,OAVG,BUPPSRY,2005,29.956083000000003
2077,OAVG,BUPPSRY,2006,29.291452000000003
2078,OAVG,BUPPSRY,2007,28.529906
2079,OAVG,BUPPSRY,2008,27.700151
2080,OAVG,BUPPSRY,2009,27.149623
2081,OAVG,BUPPSRY,2010,26.135579
2082,OAVG,BUPPSRY,2011,25.918784
2083,OAVG,BUPPSRY,2012,24.606098
2084,OAVG,BUPPSRY,2013,24.265036
2085,OAVG,BUPPSRY,2014,24.204667
2086,OAVG,BUPPSRY,2015,24.16657
2087,OAVG,BUPPSRY,2016,23.083919
2088,OAVG,BUPPSRY,2017,22.786839
2089,OAVG,BUPPSRY,2018,21.962979
2090,OAVG,BUPPSRY,2019,21.360053
2091,OAVG,TRY,2000,22.081926
2092,OAVG,TRY,2001,22.120269
2093,OAVG,TRY,2002,23.298293
2094,OAVG,TRY,2003,24.677926
2095,OAVG,TRY,2004,25.084334
2096,OAVG,TRY,2005,26.318972
2097,OAVG,TRY,2006,26.525527
2098,OAVG,TRY,2007,27.638786
2099,OAVG,TRY,2008,28.580724
2100,OAVG,TRY,2009,29.333305
2101,OAVG,TRY,2010,30.279058000000003
2102,OAVG,TRY,2011,30.794564
2103,OAVG,TRY,2012,32.215302
2104,OAVG,TRY,2013,32.702543
2105,OAVG,TRY,2014,33.682992999999996
2106,OAVG,TRY,2015,34.014056
2107,OAVG,TRY,2016,35.041219
2108,OAVG,TRY,2017,35.847592999999996
2109,OAVG,TRY,2018,36.940298
2110,OAVG,TRY,2019,38.013061
2111,OAVG,UPPSRY,2000,42.842438
2112,OAVG,UPPSRY,2001,42.16997
2113,OAVG,UPPSRY,2002,43.232013
2114,OAVG,UPPSRY,2003,43.148783
2115,OAVG,UPPSRY,2004,43.710363
2116,OAVG,UPPSRY,2005,44.173901
2117,OAVG,UPPSRY,2006,44.659087
2118,OAVG,UPPSRY,2007,44.236632
2119,OAVG,UPPSRY,2008,44.145846
2120,OAVG,UPPSRY,2009,43.949164
2121,OAVG,UPPSRY,2010,44.037
2122,OAVG,UPPSRY,2011,43.73056
2123,OAVG,UPPSRY,2012,43.641464
2124,OAVG,UPPSRY,2013,43.574834
2125,OAVG,UPPSRY,2014,42.515175
2126,OAVG,UPPSRY,2015,42.239036999999996
2127,OAVG,UPPSRY,2016,42.316454
2128,OAVG,UPPSRY,2017,41.786998
2129,OAVG,UPPSRY,2018,41.513049
2130,OAVG,UPPSRY,2019,41.034244
2131,SAU,BUPPSRY,2014,45.034447
2132,SAU,BUPPSRY,2016,43.492928000000006
2133,SAU,TRY,2014,23.161575
2134,SAU,TRY,2016,23.623922
2135,SAU,UPPSRY,2014,31.80398
2136,SAU,UPPSRY,2016,32.883152
2137,ARG,BUPPSRY,2004,51.205463
2138,ARG,BUPPSRY,2005,50.157973999999996
2139,ARG,BUPPSRY,2006,48.472809000000005
2140,ARG,BUPPSRY,2008,45.804825
2141,ARG,BUPPSRY,2009,44.794253999999995
2142,ARG,BUPPSRY,2011,42.753085999999996
2143,ARG,BUPPSRY,2012,41.416412
2144,ARG,BUPPSRY,2013,40.63517
2145,ARG,BUPPSRY,2014,41.248135
2146,ARG,BUPPSRY,2017,38.528393
2147,ARG,BUPPSRY,2018,36.359134999999995
2148,ARG,TRY,2004,16.711861
2149,ARG,TRY,2005,17.471054000000002
2150,ARG,TRY,2006,17.830963
2151,ARG,TRY,2008,18.973812
2152,ARG,TRY,2009,19.518599
2153,ARG,TRY,2011,20.237337
2154,ARG,TRY,2012,20.556124
2155,ARG,TRY,2013,21.056189
2156,ARG,TRY,2014,20.534544
2157,ARG,TRY,2017,21.406715
2158,ARG,TRY,2018,35.663551
2159,ARG,UPPSRY,2004,32.082676
2160,ARG,UPPSRY,2005,32.370968
2161,ARG,UPPSRY,2006,33.696232
2162,ARG,UPPSRY,2008,35.221363000000004
2163,ARG,UPPSRY,2009,35.687149
2164,ARG,UPPSRY,2011,37.009578999999995
2165,ARG,UPPSRY,2012,38.027462
2166,ARG,UPPSRY,2013,38.308643
2167,ARG,UPPSRY,2014,38.217319
2168,ARG,UPPSRY,2017,40.064892
2169,ARG,UPPSRY,2018,27.977314
2170,IND,BUPPSRY,2011,71.298172
2171,IND,TRY,2011,10.595189
2172,IND,UPPSRY,2011,18.10664
2173,LTU,BUPPSRY,2000,15.770907000000001
2174,LTU,BUPPSRY,2005,12.498502
2175,LTU,BUPPSRY,2006,11.679444
2176,LTU,BUPPSRY,2007,11.068882
2177,LTU,BUPPSRY,2008,9.4485025
2178,LTU,BUPPSRY,2009,8.6813269
2179,LTU,BUPPSRY,2010,8.1011848
2180,LTU,BUPPSRY,2011,7.1331868
2181,LTU,BUPPSRY,2012,6.676203299999999
2182,LTU,BUPPSRY,2013,6.5573592000000005
2183,LTU,BUPPSRY,2014,8.8240929
2184,LTU,BUPPSRY,2015,8.644216499999999
2185,LTU,BUPPSRY,2016,7.484356900000001
2186,LTU,BUPPSRY,2017,7.171962299999999
2187,LTU,BUPPSRY,2018,7.022464299999999
2188,LTU,BUPPSRY,2019,6.7358012
2189,LTU,TRY,2000,41.801403
2190,LTU,TRY,2005,26.547928000000002
2191,LTU,TRY,2006,26.751383
2192,LTU,TRY,2007,28.931428999999998
2193,LTU,TRY,2008,30.408518
2194,LTU,TRY,2009,30.958277000000002
2195,LTU,TRY,2010,32.440028999999996
2196,LTU,TRY,2011,33.489258
2197,LTU,TRY,2012,34.053779999999996
2198,LTU,TRY,2013,35.19833
2199,LTU,TRY,2014,36.668087
2200,LTU,TRY,2015,38.724106
2201,LTU,TRY,2016,39.732628000000005
2202,LTU,TRY,2017,40.273941
2203,LTU,TRY,2018,41.654594
2204,LTU,TRY,2019,43.149418
2205,LTU,UPPSRY,2000,42.427689
2206,LTU,UPPSRY,2005,60.953571
2207,LTU,UPPSRY,2006,61.569171999999995
2208,LTU,UPPSRY,2007,59.999691000000006
2209,LTU,UPPSRY,2008,60.142979000000004
2210,LTU,UPPSRY,2009,60.360397
2211,LTU,UPPSRY,2010,59.458785999999996
2212,LTU,UPPSRY,2011,59.377556000000006
2213,LTU,UPPSRY,2012,59.270019999999995
2214,LTU,UPPSRY,2013,58.244312
2215,LTU,UPPSRY,2014,54.507819999999995
2216,LTU,UPPSRY,2015,52.63168
2217,LTU,UPPSRY,2016,52.783016
2218,LTU,UPPSRY,2017,52.554095999999994
2219,LTU,UPPSRY,2018,51.322941
2220,LTU,UPPSRY,2019,50.114779999999996
2221,CRI,BUPPSRY,2000,69.6353
2222,CRI,BUPPSRY,2001,68.293747
2223,CRI,BUPPSRY,2002,67.236092
2224,CRI,BUPPSRY,2003,65.91481
2225,CRI,BUPPSRY,2004,65.916557
2226,CRI,BUPPSRY,2005,64.87316899999999
2227,CRI,BUPPSRY,2006,64.27426899999999
2228,CRI,BUPPSRY,2007,62.960529
2229,CRI,BUPPSRY,2008,61.940212
2230,CRI,BUPPSRY,2009,61.093235
2231,CRI,BUPPSRY,2010,63.147983999999994
2232,CRI,BUPPSRY,2011,62.58416
2233,CRI,BUPPSRY,2012,60.889778
2234,CRI,BUPPSRY,2013,59.697968
2235,CRI,BUPPSRY,2014,59.457653
2236,CRI,BUPPSRY,2015,60.632358999999994
2237,CRI,BUPPSRY,2016,60.063385
2238,CRI,BUPPSRY,2017,60.489311
2239,CRI,BUPPSRY,2018,60.770302
2240,CRI,BUPPSRY,2019,57.304142000000006
2241,CRI,TRY,2000,16.448679000000002
2242,CRI,TRY,2001,17.826429
2243,CRI,TRY,2002,18.362773999999998
2244,CRI,TRY,2003,19.18364
2245,CRI,TRY,2004,19.812418
2246,CRI,TRY,2005,20.842731
2247,CRI,TRY,2006,21.029401999999997
2248,CRI,TRY,2007,21.768053
2249,CRI,TRY,2008,22.312418
2250,CRI,TRY,2009,23.416771
2251,CRI,TRY,2010,20.980572
2252,CRI,TRY,2011,21.594719
2253,CRI,TRY,2012,23.244442000000003
2254,CRI,TRY,2013,23.270735000000002
2255,CRI,TRY,2014,23.535925
2256,CRI,TRY,2015,23.136086
2257,CRI,TRY,2016,22.998714
2258,CRI,TRY,2017,22.989092000000003
2259,CRI,TRY,2018,22.601564
2260,CRI,TRY,2019,25.066828
2261,CRI,UPPSRY,2000,13.916020000000001
2262,CRI,UPPSRY,2001,13.879825
2263,CRI,UPPSRY,2002,14.401132999999998
2264,CRI,UPPSRY,2003,14.901548000000002
2265,CRI,UPPSRY,2004,14.271029
2266,CRI,UPPSRY,2005,14.284099
2267,CRI,UPPSRY,2006,14.696330999999999
2268,CRI,UPPSRY,2007,15.271419
2269,CRI,UPPSRY,2008,15.747368
2270,CRI,UPPSRY,2009,15.489995
2271,CRI,UPPSRY,2010,15.871445000000001
2272,CRI,UPPSRY,2011,15.821122
2273,CRI,UPPSRY,2012,15.865781
2274,CRI,UPPSRY,2013,17.031295999999998
2275,CRI,UPPSRY,2014,17.006420000000002
2276,CRI,UPPSRY,2015,16.231556
2277,CRI,UPPSRY,2016,16.937898999999998
2278,CRI,UPPSRY,2017,16.521597
2279,CRI,UPPSRY,2018,16.628135999999998
2280,CRI,UPPSRY,2019,17.629027999999998
2281,G20,BUPPSRY,2010,36.138638
2282,G20,BUPPSRY,2011,36.556688
2283,G20,TRY,2010,28.207440000000002
2284,G20,TRY,2011,27.866678999999998
2285,G20,UPPSRY,2010,36.839818
2286,G20,UPPSRY,2011,36.809792
